index,relative_path,source,label_path,masked_path,overlay_path,foreground_pixels,foreground_ratio,bbox_ratio,border_touch_ratio,mean_confidence,foreground_confidence
1,001101\BEE24-33_001936_det32_tr0006.jpg,D:\personal_resources\CV_research\AutoDL\train_20260501\001101\BEE24-33_001936_det32_tr0006.jpg,D:\personal_resources\CV_research\boxmot\output\bee_foreground_random100_review_v2_20260516\labels\001101__BEE24-33_001936_det32_tr0006.png,D:\personal_resources\CV_research\boxmot\output\bee_foreground_random100_review_v2_20260516\masked\001101__BEE24-33_001936_det32_tr0006.jpg,D:\personal_resources\CV_research\boxmot\output\bee_foreground_random100_review_v2_20260516\overlays\001101__BEE24-33_001936_det32_tr0006.jpg,343,0.49,0.6,0.0029154518950437317,0.5156894326210022,0.9284045100212097
2,002071\BEE24-35_002522_det08_tr0011.jpg,D:\personal_resources\CV_research\AutoDL\train_20260501\002071\BEE24-35_002522_det08_tr0011.jpg,D:\personal_resources\CV_research\boxmot\output\bee_foreground_random100_review_v2_20260516\labels\002071__BEE24-35_002522_det08_tr0011.png,D:\personal_resources\CV_research\boxmot\output\bee_foreground_random100_review_v2_20260516\masked\002071__BEE24-35_002522_det08_tr0011.jpg,D:\personal_resources\CV_research\boxmot\output\bee_foreground_random100_review_v2_20260516\overlays\002071__BEE24-35_002522_det08_tr0011.jpg,1843,0.45039100684261973,0.7236070381231672,0.040694519804666304,0.46327391266822815,0.9238341450691223
3,000832\BEE24-33_001044_det42_tr0001.jpg,D:\personal_resources\CV_research\AutoDL\train_20260501\000832\BEE24-33_001044_det42_tr0001.jpg,D:\personal_resources\CV_research\boxmot\output\bee_foreground_random100_review_v2_20260516\labels\000832__BEE24-33_001044_det42_tr0001.png,D:\personal_resources\CV_research\boxmot\output\bee_foreground_random100_review_v2_20260516\masked\000832__BEE24-33_001044_det42_tr0001.jpg,D:\personal_resources\CV_research\boxmot\output\bee_foreground_random100_review_v2_20260516\overlays\000832__BEE24-33_001044_det42_tr0001.jpg,526,0.6641414141414141,0.9090909090909091,0.0817490494296578,0.6594208478927612,0.9109120965003967
4,001020\BEE24-33_000445_det23_tr0001.jpg,D:\personal_resources\CV_research\AutoDL\train_20260501\001020\BEE24-33_000445_det23_tr0001.jpg,D:\personal_resources\CV_research\boxmot\output\bee_foreground_random100_review_v2_20260516\labels\001020__BEE24-33_000445_det23_tr0001.png,D:\personal_resources\CV_research\boxmot\output\bee_foreground_random100_review_v2_20260516\masked\001020__BEE24-33_000445_det23_tr0001.jpg,D:\personal_resources\CV_research\boxmot\output\bee_foreground_random100_review_v2_20260516\overlays\001020__BEE24-33_000445_det23_tr0001.jpg,921,0.39698275862068966,0.6543103448275862,0.0,0.4237808883190155,0.9156590700149536
5,001194\BEE24-33_002384_det22_tr0013.jpg,D:\personal_resources\CV_research\AutoDL\train_20260501\001194\BEE24-33_002384_det22_tr0013.jpg,D:\personal_resources\CV_research\boxmot\output\bee_foreground_random100_review_v2_20260516\labels\001194__BEE24-33_002384_det22_tr0013.png,D:\personal_resources\CV_research\boxmot\output\bee_foreground_random100_review_v2_20260516\masked\001194__BEE24-33_002384_det22_tr0013.jpg,D:\personal_resources\CV_research\boxmot\output\bee_foreground_random100_review_v2_20260516\overlays\001194__BEE24-33_002384_det22_tr0013.jpg,900,0.5175388154111559,0.821161587119034,0.013333333333333334,0.5261196494102478,0.9224407076835632
6,001271\BEE24-33_002602_det32_tr0015.jpg,D:\personal_resources\CV_research\AutoDL\train_20260501\001271\BEE24-33_002602_det32_tr0015.jpg,D:\personal_resources\CV_research\boxmot\output\bee_foreground_random100_review_v2_20260516\labels\001271__BEE24-33_002602_det32_tr0015.png,D:\personal_resources\CV_research\boxmot\output\bee_foreground_random100_review_v2_20260516\masked\001271__BEE24-33_002602_det32_tr0015.jpg,D:\personal_resources\CV_research\boxmot\output\bee_foreground_random100_review_v2_20260516\overlays\001271__BEE24-33_002602_det32_tr0015.jpg,444,0.4805194805194805,0.7218614718614719,0.0,0.4969439208507538,0.916609525680542
7,001368\BEE24-33_003016_det22_tr0007.jpg,D:\personal_resources\CV_research\AutoDL\train_20260501\001368\BEE24-33_003016_det22_tr0007.jpg,D:\personal_resources\CV_research\boxmot\output\bee_foreground_random100_review_v2_20260516\labels\001368__BEE24-33_003016_det22_tr0007.png,D:\personal_resources\CV_research\boxmot\output\bee_foreground_random100_review_v2_20260516\masked\001368__BEE24-33_003016_det22_tr0007.jpg,D:\personal_resources\CV_research\boxmot\output\bee_foreground_random100_review_v2_20260516\overlays\001368__BEE24-33_003016_det22_tr0007.jpg,506,0.4015873015873016,0.55,0.0,0.4255693852901459,0.9214465618133545
8,000385\BEE24-25_000008_det03_tr0005.jpg,D:\personal_resources\CV_research\AutoDL\train_20260501\000385\BEE24-25_000008_det03_tr0005.jpg,D:\personal_resources\CV_research\boxmot\output\bee_foreground_random100_review_v2_20260516\labels\000385__BEE24-25_000008_det03_tr0005.png,D:\personal_resources\CV_research\boxmot\output\bee_foreground_random100_review_v2_20260516\masked\000385__BEE24-25_000008_det03_tr0005.jpg,D:\personal_resources\CV_research\boxmot\output\bee_foreground_random100_review_v2_20260516\overlays\000385__BEE24-25_000008_det03_tr0005.jpg,2881,0.5649019607843138,0.7774509803921569,0.004859423811176675,0.5798807740211487,0.9400695562362671
9,000038\BEE24-06_000064_det03_tr0034.jpg,D:\personal_resources\CV_research\AutoDL\train_20260501\000038\BEE24-06_000064_det03_tr0034.jpg,D:\personal_resources\CV_research\boxmot\output\bee_foreground_random100_review_v2_20260516\labels\000038__BEE24-06_000064_det03_tr0034.png,D:\personal_resources\CV_research\boxmot\output\bee_foreground_random100_review_v2_20260516\masked\000038__BEE24-06_000064_det03_tr0034.jpg,D:\personal_resources\CV_research\boxmot\output\bee_foreground_random100_review_v2_20260516\overlays\000038__BEE24-06_000064_det03_tr0034.jpg,2164,0.6221966647498562,0.9324324324324325,0.028188539741219962,0.6247958540916443,0.9424251317977905
10,001268\BEE24-33_002553_det34_tr0000.jpg,D:\personal_resources\CV_research\AutoDL\train_20260501\001268\BEE24-33_002553_det34_tr0000.jpg,D:\personal_resources\CV_research\boxmot\output\bee_foreground_random100_review_v2_20260516\labels\001268__BEE24-33_002553_det34_tr0000.png,D:\personal_resources\CV_research\boxmot\output\bee_foreground_random100_review_v2_20260516\masked\001268__BEE24-33_002553_det34_tr0000.jpg,D:\personal_resources\CV_research\boxmot\output\bee_foreground_random100_review_v2_20260516\overlays\001268__BEE24-33_002553_det34_tr0000.jpg,438,0.553030303030303,0.7575757575757576,0.0684931506849315,0.5524420142173767,0.8985546827316284
11,000809\BEE24-33_001045_det30_tr0018.jpg,D:\personal_resources\CV_research\AutoDL\train_20260501\000809\BEE24-33_001045_det30_tr0018.jpg,D:\personal_resources\CV_research\boxmot\output\bee_foreground_random100_review_v2_20260516\labels\000809__BEE24-33_001045_det30_tr0018.png,D:\personal_resources\CV_research\boxmot\output\bee_foreground_random100_review_v2_20260516\masked\000809__BEE24-33_001045_det30_tr0018.jpg,D:\personal_resources\CV_research\boxmot\output\bee_foreground_random100_review_v2_20260516\overlays\000809__BEE24-33_001045_det30_tr0018.jpg,647,0.3993827160493827,0.6580246913580247,0.012364760432766615,0.4192993938922882,0.8800395727157593
12,001191\BEE24-33_002341_det25_tr0007.jpg,D:\personal_resources\CV_research\AutoDL\train_20260501\001191\BEE24-33_002341_det25_tr0007.jpg,D:\personal_resources\CV_research\boxmot\output\bee_foreground_random100_review_v2_20260516\labels\001191__BEE24-33_002341_det25_tr0007.png,D:\personal_resources\CV_research\boxmot\output\bee_foreground_random100_review_v2_20260516\masked\001191__BEE24-33_002341_det25_tr0007.jpg,D:\personal_resources\CV_research\boxmot\output\bee_foreground_random100_review_v2_20260516\overlays\001191__BEE24-33_002341_det25_tr0007.jpg,691,0.4900709219858156,0.700709219858156,0.04630969609261939,0.489294171333313,0.9051855206489563
13,001095\BEE24-33_002033_det12_tr0016.jpg,D:\personal_resources\CV_research\AutoDL\train_20260501\001095\BEE24-33_002033_det12_tr0016.jpg,D:\personal_resources\CV_research\boxmot\output\bee_foreground_random100_review_v2_20260516\labels\001095__BEE24-33_002033_det12_tr0016.png,D:\personal_resources\CV_research\boxmot\output\bee_foreground_random100_review_v2_20260516\masked\001095__BEE24-33_002033_det12_tr0016.jpg,D:\personal_resources\CV_research\boxmot\output\bee_foreground_random100_review_v2_20260516\overlays\001095__BEE24-33_002033_det12_tr0016.jpg,105,0.46875,0.75,0.17142857142857143,0.47405752539634705,0.8907238841056824
14,000492\BEE24-31_000016_det04_tr0012.jpg,D:\personal_resources\CV_research\AutoDL\train_20260501\000492\BEE24-31_000016_det04_tr0012.jpg,D:\personal_resources\CV_research\boxmot\output\bee_foreground_random100_review_v2_20260516\labels\000492__BEE24-31_000016_det04_tr0012.png,D:\personal_resources\CV_research\boxmot\output\bee_foreground_random100_review_v2_20260516\masked\000492__BEE24-31_000016_det04_tr0012.jpg,D:\personal_resources\CV_research\boxmot\output\bee_foreground_random100_review_v2_20260516\overlays\000492__BEE24-31_000016_det04_tr0012.jpg,3912,0.4259581881533101,0.6515679442508711,0.0,0.43743082880973816,0.933660626411438
15,001912\BEE24-33_003289_det35_tr0011.jpg,D:\personal_resources\CV_research\AutoDL\train_20260501\001912\BEE24-33_003289_det35_tr0011.jpg,D:\personal_resources\CV_research\boxmot\output\bee_foreground_random100_review_v2_20260516\labels\001912__BEE24-33_003289_det35_tr0011.png,D:\personal_resources\CV_research\boxmot\output\bee_foreground_random100_review_v2_20260516\masked\001912__BEE24-33_003289_det35_tr0011.jpg,D:\personal_resources\CV_research\boxmot\output\bee_foreground_random100_review_v2_20260516\overlays\001912__BEE24-33_003289_det35_tr0011.jpg,282,0.4069264069264069,0.6233766233766234,0.0425531914893617,0.4182770848274231,0.8953650593757629
16,001333\BEE24-33_002748_det31_tr0010.jpg,D:\personal_resources\CV_research\AutoDL\train_20260501\001333\BEE24-33_002748_det31_tr0010.jpg,D:\personal_resources\CV_research\boxmot\output\bee_foreground_random100_review_v2_20260516\labels\001333__BEE24-33_002748_det31_tr0010.png,D:\personal_resources\CV_research\boxmot\output\bee_foreground_random100_review_v2_20260516\masked\001333__BEE24-33_002748_det31_tr0010.jpg,D:\personal_resources\CV_research\boxmot\output\bee_foreground_random100_review_v2_20260516\overlays\001333__BEE24-33_002748_det31_tr0010.jpg,1043,0.5518518518518518,0.8042328042328042,0.029721955896452542,0.5560165643692017,0.9290926456451416
17,000959\BEE24-33_001331_det29_tr0015.jpg,D:\personal_resources\CV_research\AutoDL\train_20260501\000959\BEE24-33_001331_det29_tr0015.jpg,D:\personal_resources\CV_research\boxmot\output\bee_foreground_random100_review_v2_20260516\labels\000959__BEE24-33_001331_det29_tr0015.png,D:\personal_resources\CV_research\boxmot\output\bee_foreground_random100_review_v2_20260516\masked\000959__BEE24-33_001331_det29_tr0015.jpg,D:\personal_resources\CV_research\boxmot\output\bee_foreground_random100_review_v2_20260516\overlays\000959__BEE24-33_001331_det29_tr0015.jpg,794,0.5631205673758866,0.7624113475177305,0.0012594458438287153,0.5792436599731445,0.9108570218086243
18,001520\BEE24-33_003809_det26_tr0022.jpg,D:\personal_resources\CV_research\AutoDL\train_20260501\001520\BEE24-33_003809_det26_tr0022.jpg,D:\personal_resources\CV_research\boxmot\output\bee_foreground_random100_review_v2_20260516\labels\001520__BEE24-33_003809_det26_tr0022.png,D:\personal_resources\CV_research\boxmot\output\bee_foreground_random100_review_v2_20260516\masked\001520__BEE24-33_003809_det26_tr0022.jpg,D:\personal_resources\CV_research\boxmot\output\bee_foreground_random100_review_v2_20260516\overlays\001520__BEE24-33_003809_det26_tr0022.jpg,1027,0.5705555555555556,0.88,0.02531645569620253,0.5974270105361938,0.9130420684814453
19,001017\BEE24-33_001430_det39_tr0020.jpg,D:\personal_resources\CV_research\AutoDL\train_20260501\001017\BEE24-33_001430_det39_tr0020.jpg,D:\personal_resources\CV_research\boxmot\output\bee_foreground_random100_review_v2_20260516\labels\001017__BEE24-33_001430_det39_tr0020.png,D:\personal_resources\CV_research\boxmot\output\bee_foreground_random100_review_v2_20260516\masked\001017__BEE24-33_001430_det39_tr0020.jpg,D:\personal_resources\CV_research\boxmot\output\bee_foreground_random100_review_v2_20260516\overlays\001017__BEE24-33_001430_det39_tr0020.jpg,430,0.4653679653679654,0.7402597402597403,0.12093023255813953,0.5300500392913818,0.897117555141449
20,001934\BEE24-33_003969_det21_tr0015.jpg,D:\personal_resources\CV_research\AutoDL\train_20260501\001934\BEE24-33_003969_det21_tr0015.jpg,D:\personal_resources\CV_research\boxmot\output\bee_foreground_random100_review_v2_20260516\labels\001934__BEE24-33_003969_det21_tr0015.png,D:\personal_resources\CV_research\boxmot\output\bee_foreground_random100_review_v2_20260516\masked\001934__BEE24-33_003969_det21_tr0015.jpg,D:\personal_resources\CV_research\boxmot\output\bee_foreground_random100_review_v2_20260516\overlays\001934__BEE24-33_003969_det21_tr0015.jpg,1181,0.4170197740112994,0.5536723163841808,0.000846740050804403,0.4494911730289459,0.9386452436447144
21,000248\BEE24-18_000027_det09_tr0002.jpg,D:\personal_resources\CV_research\AutoDL\train_20260501\000248\BEE24-18_000027_det09_tr0002.jpg,D:\personal_resources\CV_research\boxmot\output\bee_foreground_random100_review_v2_20260516\labels\000248__BEE24-18_000027_det09_tr0002.png,D:\personal_resources\CV_research\boxmot\output\bee_foreground_random100_review_v2_20260516\masked\000248__BEE24-18_000027_det09_tr0002.jpg,D:\personal_resources\CV_research\boxmot\output\bee_foreground_random100_review_v2_20260516\overlays\000248__BEE24-18_000027_det09_tr0002.jpg,2419,0.5258695652173913,0.7517391304347826,0.0,0.5369565486907959,0.9404309988021851
22,000664\BEE24-33_000558_det08_tr0008.jpg,D:\personal_resources\CV_research\AutoDL\train_20260501\000664\BEE24-33_000558_det08_tr0008.jpg,D:\personal_resources\CV_research\boxmot\output\bee_foreground_random100_review_v2_20260516\labels\000664__BEE24-33_000558_det08_tr0008.png,D:\personal_resources\CV_research\boxmot\output\bee_foreground_random100_review_v2_20260516\masked\000664__BEE24-33_000558_det08_tr0008.jpg,D:\personal_resources\CV_research\boxmot\output\bee_foreground_random100_review_v2_20260516\overlays\000664__BEE24-33_000558_det08_tr0008.jpg,1343,0.4808449695667741,0.7876834944504117,0.016381236038719285,0.5017280578613281,0.9152287840843201
23,000089\BEE24-10_000102_det10_tr0004.jpg,D:\personal_resources\CV_research\AutoDL\train_20260501\000089\BEE24-10_000102_det10_tr0004.jpg,D:\personal_resources\CV_research\boxmot\output\bee_foreground_random100_review_v2_20260516\labels\000089__BEE24-10_000102_det10_tr0004.png,D:\personal_resources\CV_research\boxmot\output\bee_foreground_random100_review_v2_20260516\masked\000089__BEE24-10_000102_det10_tr0004.jpg,D:\personal_resources\CV_research\boxmot\output\bee_foreground_random100_review_v2_20260516\overlays\000089__BEE24-10_000102_det10_tr0004.jpg,2441,0.6164141414141414,0.7727272727272727,0.012699713232281851,0.6210379004478455,0.9339144825935364
24,000940\BEE24-33_000010_det27_tr0000.jpg,D:\personal_resources\CV_research\AutoDL\train_20260501\000940\BEE24-33_000010_det27_tr0000.jpg,D:\personal_resources\CV_research\boxmot\output\bee_foreground_random100_review_v2_20260516\labels\000940__BEE24-33_000010_det27_tr0000.png,D:\personal_resources\CV_research\boxmot\output\bee_foreground_random100_review_v2_20260516\masked\000940__BEE24-33_000010_det27_tr0000.jpg,D:\personal_resources\CV_research\boxmot\output\bee_foreground_random100_review_v2_20260516\overlays\000940__BEE24-33_000010_det27_tr0000.jpg,743,0.4888157894736842,0.7157894736842105,0.0,0.5048649907112122,0.9110103845596313
25,001228\BEE24-33_002470_det25_tr0008.jpg,D:\personal_resources\CV_research\AutoDL\train_20260501\001228\BEE24-33_002470_det25_tr0008.jpg,D:\personal_resources\CV_research\boxmot\output\bee_foreground_random100_review_v2_20260516\labels\001228__BEE24-33_002470_det25_tr0008.png,D:\personal_resources\CV_research\boxmot\output\bee_foreground_random100_review_v2_20260516\masked\001228__BEE24-33_002470_det25_tr0008.jpg,D:\personal_resources\CV_research\boxmot\output\bee_foreground_random100_review_v2_20260516\overlays\001228__BEE24-33_002470_det25_tr0008.jpg,1018,0.6214896214896215,0.8095238095238095,0.10412573673870335,0.6180652976036072,0.927848756313324
26,000960\BEE24-33_000013_det34_tr0000.jpg,D:\personal_resources\CV_research\AutoDL\train_20260501\000960\BEE24-33_000013_det34_tr0000.jpg,D:\personal_resources\CV_research\boxmot\output\bee_foreground_random100_review_v2_20260516\labels\000960__BEE24-33_000013_det34_tr0000.png,D:\personal_resources\CV_research\boxmot\output\bee_foreground_random100_review_v2_20260516\masked\000960__BEE24-33_000013_det34_tr0000.jpg,D:\personal_resources\CV_research\boxmot\output\bee_foreground_random100_review_v2_20260516\overlays\000960__BEE24-33_000013_det34_tr0000.jpg,1058,0.4353909465020576,0.6748971193415638,0.03969754253308128,0.4570295512676239,0.9350258111953735
27,001437\BEE24-33_003377_det25_tr0019.jpg,D:\personal_resources\CV_research\AutoDL\train_20260501\001437\BEE24-33_003377_det25_tr0019.jpg,D:\personal_resources\CV_research\boxmot\output\bee_foreground_random100_review_v2_20260516\labels\001437__BEE24-33_003377_det25_tr0019.png,D:\personal_resources\CV_research\boxmot\output\bee_foreground_random100_review_v2_20260516\masked\001437__BEE24-33_003377_det25_tr0019.jpg,D:\personal_resources\CV_research\boxmot\output\bee_foreground_random100_review_v2_20260516\overlays\001437__BEE24-33_003377_det25_tr0019.jpg,1024,0.5333333333333333,0.7515625,0.029296875,0.532660722732544,0.9019569158554077
28,001522\BEE24-33_003676_det42_tr0006.jpg,D:\personal_resources\CV_research\AutoDL\train_20260501\001522\BEE24-33_003676_det42_tr0006.jpg,D:\personal_resources\CV_research\boxmot\output\bee_foreground_random100_review_v2_20260516\labels\001522__BEE24-33_003676_det42_tr0006.png,D:\personal_resources\CV_research\boxmot\output\bee_foreground_random100_review_v2_20260516\masked\001522__BEE24-33_003676_det42_tr0006.jpg,D:\personal_resources\CV_research\boxmot\output\bee_foreground_random100_review_v2_20260516\overlays\001522__BEE24-33_003676_det42_tr0006.jpg,376,0.5425685425685426,0.8225108225108225,0.047872340425531915,0.5468780994415283,0.9029942750930786
29,002210\BEE24-13_000163_det13_tr0025.jpg,D:\personal_resources\CV_research\AutoDL\train_20260501\002210\BEE24-13_000163_det13_tr0025.jpg,D:\personal_resources\CV_research\boxmot\output\bee_foreground_random100_review_v2_20260516\labels\002210__BEE24-13_000163_det13_tr0025.png,D:\personal_resources\CV_research\boxmot\output\bee_foreground_random100_review_v2_20260516\masked\002210__BEE24-13_000163_det13_tr0025.jpg,D:\personal_resources\CV_research\boxmot\output\bee_foreground_random100_review_v2_20260516\overlays\002210__BEE24-13_000163_det13_tr0025.jpg,2317,0.5807017543859649,0.8771929824561403,0.028916702632714716,0.5856828689575195,0.9331345558166504
30,000876\BEE24-33_000351_det40_tr0001.jpg,D:\personal_resources\CV_research\AutoDL\train_20260501\000876\BEE24-33_000351_det40_tr0001.jpg,D:\personal_resources\CV_research\boxmot\output\bee_foreground_random100_review_v2_20260516\labels\000876__BEE24-33_000351_det40_tr0001.png,D:\personal_resources\CV_research\boxmot\output\bee_foreground_random100_review_v2_20260516\masked\000876__BEE24-33_000351_det40_tr0001.jpg,D:\personal_resources\CV_research\boxmot\output\bee_foreground_random100_review_v2_20260516\overlays\000876__BEE24-33_000351_det40_tr0001.jpg,781,0.5742647058823529,0.8235294117647058,0.07554417413572344,0.5816441178321838,0.9202300310134888
31,001973\BEE24-35_000109_det08_tr0021.jpg,D:\personal_resources\CV_research\AutoDL\train_20260501\001973\BEE24-35_000109_det08_tr0021.jpg,D:\personal_resources\CV_research\boxmot\output\bee_foreground_random100_review_v2_20260516\labels\001973__BEE24-35_000109_det08_tr0021.png,D:\personal_resources\CV_research\boxmot\output\bee_foreground_random100_review_v2_20260516\masked\001973__BEE24-35_000109_det08_tr0021.jpg,D:\personal_resources\CV_research\boxmot\output\bee_foreground_random100_review_v2_20260516\overlays\001973__BEE24-35_000109_det08_tr0021.jpg,984,0.43889384478144516,0.695807314897413,0.0,0.454836905002594,0.9199652075767517
32,001856\BEE24-33_002580_det07_tr0021.jpg,D:\personal_resources\CV_research\AutoDL\train_20260501\001856\BEE24-33_002580_det07_tr0021.jpg,D:\personal_resources\CV_research\boxmot\output\bee_foreground_random100_review_v2_20260516\labels\001856__BEE24-33_002580_det07_tr0021.png,D:\personal_resources\CV_research\boxmot\output\bee_foreground_random100_review_v2_20260516\masked\001856__BEE24-33_002580_det07_tr0021.jpg,D:\personal_resources\CV_research\boxmot\output\bee_foreground_random100_review_v2_20260516\overlays\001856__BEE24-33_002580_det07_tr0021.jpg,840,0.5042016806722689,0.7743097238895558,0.05476190476190476,0.5236254930496216,0.9118006825447083
33,000970\BEE24-33_001366_det28_tr0013.jpg,D:\personal_resources\CV_research\AutoDL\train_20260501\000970\BEE24-33_001366_det28_tr0013.jpg,D:\personal_resources\CV_research\boxmot\output\bee_foreground_random100_review_v2_20260516\labels\000970__BEE24-33_001366_det28_tr0013.png,D:\personal_resources\CV_research\boxmot\output\bee_foreground_random100_review_v2_20260516\masked\000970__BEE24-33_001366_det28_tr0013.jpg,D:\personal_resources\CV_research\boxmot\output\bee_foreground_random100_review_v2_20260516\overlays\000970__BEE24-33_001366_det28_tr0013.jpg,368,0.5242165242165242,0.7207977207977208,0.005434782608695652,0.5415381789207458,0.9055504202842712
34,000543\BEE24-33_000063_det26_tr0017.jpg,D:\personal_resources\CV_research\AutoDL\train_20260501\000543\BEE24-33_000063_det26_tr0017.jpg,D:\personal_resources\CV_research\boxmot\output\bee_foreground_random100_review_v2_20260516\labels\000543__BEE24-33_000063_det26_tr0017.png,D:\personal_resources\CV_research\boxmot\output\bee_foreground_random100_review_v2_20260516\masked\000543__BEE24-33_000063_det26_tr0017.jpg,D:\personal_resources\CV_research\boxmot\output\bee_foreground_random100_review_v2_20260516\overlays\000543__BEE24-33_000063_det26_tr0017.jpg,1082,0.45692567567567566,0.6967905405405406,0.018484288354898338,0.471998929977417,0.9090377688407898
35,001693\BEE24-33_004820_det21_tr0014.jpg,D:\personal_resources\CV_research\AutoDL\train_20260501\001693\BEE24-33_004820_det21_tr0014.jpg,D:\personal_resources\CV_research\boxmot\output\bee_foreground_random100_review_v2_20260516\labels\001693__BEE24-33_004820_det21_tr0014.png,D:\personal_resources\CV_research\boxmot\output\bee_foreground_random100_review_v2_20260516\masked\001693__BEE24-33_004820_det21_tr0014.jpg,D:\personal_resources\CV_research\boxmot\output\bee_foreground_random100_review_v2_20260516\overlays\001693__BEE24-33_004820_det21_tr0014.jpg,962,0.5531914893617021,0.9108683151236343,0.04054054054054054,0.5585989952087402,0.9225971698760986
36,001350\BEE24-33_002821_det31_tr0004.jpg,D:\personal_resources\CV_research\AutoDL\train_20260501\001350\BEE24-33_002821_det31_tr0004.jpg,D:\personal_resources\CV_research\boxmot\output\bee_foreground_random100_review_v2_20260516\labels\001350__BEE24-33_002821_det31_tr0004.png,D:\personal_resources\CV_research\boxmot\output\bee_foreground_random100_review_v2_20260516\masked\001350__BEE24-33_002821_det31_tr0004.jpg,D:\personal_resources\CV_research\boxmot\output\bee_foreground_random100_review_v2_20260516\overlays\001350__BEE24-33_002821_det31_tr0004.jpg,482,0.3586309523809524,0.5565476190476191,0.0,0.3945674002170563,0.9105420708656311
37,000343\BEE24-23_000053_det02_tr0027.jpg,D:\personal_resources\CV_research\AutoDL\train_20260501\000343\BEE24-23_000053_det02_tr0027.jpg,D:\personal_resources\CV_research\boxmot\output\bee_foreground_random100_review_v2_20260516\labels\000343__BEE24-23_000053_det02_tr0027.png,D:\personal_resources\CV_research\boxmot\output\bee_foreground_random100_review_v2_20260516\masked\000343__BEE24-23_000053_det02_tr0027.jpg,D:\personal_resources\CV_research\boxmot\output\bee_foreground_random100_review_v2_20260516\overlays\000343__BEE24-23_000053_det02_tr0027.jpg,2394,0.475,0.8380952380952381,0.01086048454469507,0.4923502206802368,0.928196132183075
38,001172\BEE24-33_002309_det23_tr0017.jpg,D:\personal_resources\CV_research\AutoDL\train_20260501\001172\BEE24-33_002309_det23_tr0017.jpg,D:\personal_resources\CV_research\boxmot\output\bee_foreground_random100_review_v2_20260516\labels\001172__BEE24-33_002309_det23_tr0017.png,D:\personal_resources\CV_research\boxmot\output\bee_foreground_random100_review_v2_20260516\masked\001172__BEE24-33_002309_det23_tr0017.jpg,D:\personal_resources\CV_research\boxmot\output\bee_foreground_random100_review_v2_20260516\overlays\001172__BEE24-33_002309_det23_tr0017.jpg,439,0.5868983957219251,0.9411764705882353,0.0774487471526196,0.578942596912384,0.9001047611236572
39,001213\BEE24-33_002498_det13_tr0009.jpg,D:\personal_resources\CV_research\AutoDL\train_20260501\001213\BEE24-33_002498_det13_tr0009.jpg,D:\personal_resources\CV_research\boxmot\output\bee_foreground_random100_review_v2_20260516\labels\001213__BEE24-33_002498_det13_tr0009.png,D:\personal_resources\CV_research\boxmot\output\bee_foreground_random100_review_v2_20260516\masked\001213__BEE24-33_002498_det13_tr0009.jpg,D:\personal_resources\CV_research\boxmot\output\bee_foreground_random100_review_v2_20260516\overlays\001213__BEE24-33_002498_det13_tr0009.jpg,801,0.49080882352941174,0.7009803921568627,0.0,0.5137683749198914,0.9164271950721741
40,001708\BEE24-33_004723_det35_tr0009.jpg,D:\personal_resources\CV_research\AutoDL\train_20260501\001708\BEE24-33_004723_det35_tr0009.jpg,D:\personal_resources\CV_research\boxmot\output\bee_foreground_random100_review_v2_20260516\labels\001708__BEE24-33_004723_det35_tr0009.png,D:\personal_resources\CV_research\boxmot\output\bee_foreground_random100_review_v2_20260516\masked\001708__BEE24-33_004723_det35_tr0009.jpg,D:\personal_resources\CV_research\boxmot\output\bee_foreground_random100_review_v2_20260516\overlays\001708__BEE24-33_004723_det35_tr0009.jpg,894,0.40934065934065933,0.592948717948718,0.003355704697986577,0.4275454580783844,0.9190621972084045
41,000879\BEE24-33_000369_det26_tr0009.jpg,D:\personal_resources\CV_research\AutoDL\train_20260501\000879\BEE24-33_000369_det26_tr0009.jpg,D:\personal_resources\CV_research\boxmot\output\bee_foreground_random100_review_v2_20260516\labels\000879__BEE24-33_000369_det26_tr0009.png,D:\personal_resources\CV_research\boxmot\output\bee_foreground_random100_review_v2_20260516\masked\000879__BEE24-33_000369_det26_tr0009.jpg,D:\personal_resources\CV_research\boxmot\output\bee_foreground_random100_review_v2_20260516\overlays\000879__BEE24-33_000369_det26_tr0009.jpg,1055,0.5880713489409142,0.7971014492753623,0.08530805687203792,0.5898131728172302,0.8962661623954773
42,000229\BEE24-17_000061_det04_tr0011.jpg,D:\personal_resources\CV_research\AutoDL\train_20260501\000229\BEE24-17_000061_det04_tr0011.jpg,D:\personal_resources\CV_research\boxmot\output\bee_foreground_random100_review_v2_20260516\labels\000229__BEE24-17_000061_det04_tr0011.png,D:\personal_resources\CV_research\boxmot\output\bee_foreground_random100_review_v2_20260516\masked\000229__BEE24-17_000061_det04_tr0011.jpg,D:\personal_resources\CV_research\boxmot\output\bee_foreground_random100_review_v2_20260516\overlays\000229__BEE24-17_000061_det04_tr0011.jpg,2708,0.48810382119682766,0.691240086517664,0.027326440177252585,0.4931516647338867,0.9227181077003479
43,000114\BEE24-14_000250_det08_tr0027.jpg,D:\personal_resources\CV_research\AutoDL\train_20260501\000114\BEE24-14_000250_det08_tr0027.jpg,D:\personal_resources\CV_research\boxmot\output\bee_foreground_random100_review_v2_20260516\labels\000114__BEE24-14_000250_det08_tr0027.png,D:\personal_resources\CV_research\boxmot\output\bee_foreground_random100_review_v2_20260516\masked\000114__BEE24-14_000250_det08_tr0027.jpg,D:\personal_resources\CV_research\boxmot\output\bee_foreground_random100_review_v2_20260516\overlays\000114__BEE24-14_000250_det08_tr0027.jpg,1359,0.434462915601023,0.585997442455243,0.039735099337748346,0.4460981488227844,0.8941206932067871
44,001449\BEE24-33_001257_det37_tr0022.jpg,D:\personal_resources\CV_research\AutoDL\train_20260501\001449\BEE24-33_001257_det37_tr0022.jpg,D:\personal_resources\CV_research\boxmot\output\bee_foreground_random100_review_v2_20260516\labels\001449__BEE24-33_001257_det37_tr0022.png,D:\personal_resources\CV_research\boxmot\output\bee_foreground_random100_review_v2_20260516\masked\001449__BEE24-33_001257_det37_tr0022.jpg,D:\personal_resources\CV_research\boxmot\output\bee_foreground_random100_review_v2_20260516\overlays\001449__BEE24-33_001257_det37_tr0022.jpg,212,0.5435897435897435,0.7,0.19811320754716982,0.5320506691932678,0.8770238161087036
45,000905\BEE24-33_000390_det37_tr0004.jpg,D:\personal_resources\CV_research\AutoDL\train_20260501\000905\BEE24-33_000390_det37_tr0004.jpg,D:\personal_resources\CV_research\boxmot\output\bee_foreground_random100_review_v2_20260516\labels\000905__BEE24-33_000390_det37_tr0004.png,D:\personal_resources\CV_research\boxmot\output\bee_foreground_random100_review_v2_20260516\masked\000905__BEE24-33_000390_det37_tr0004.jpg,D:\personal_resources\CV_research\boxmot\output\bee_foreground_random100_review_v2_20260516\overlays\000905__BEE24-33_000390_det37_tr0004.jpg,753,0.5577777777777778,0.8296296296296296,0.02257636122177955,0.5673677325248718,0.919964611530304
46,001006\BEE24-33_001433_det30_tr0011.jpg,D:\personal_resources\CV_research\AutoDL\train_20260501\001006\BEE24-33_001433_det30_tr0011.jpg,D:\personal_resources\CV_research\boxmot\output\bee_foreground_random100_review_v2_20260516\labels\001006__BEE24-33_001433_det30_tr0011.png,D:\personal_resources\CV_research\boxmot\output\bee_foreground_random100_review_v2_20260516\masked\001006__BEE24-33_001433_det30_tr0011.jpg,D:\personal_resources\CV_research\boxmot\output\bee_foreground_random100_review_v2_20260516\overlays\001006__BEE24-33_001433_det30_tr0011.jpg,678,0.43350383631713557,0.6317135549872123,0.0,0.46255072951316833,0.9198663234710693
47,001947\BEE24-33_004196_det19_tr0001.jpg,D:\personal_resources\CV_research\AutoDL\train_20260501\001947\BEE24-33_004196_det19_tr0001.jpg,D:\personal_resources\CV_research\boxmot\output\bee_foreground_random100_review_v2_20260516\labels\001947__BEE24-33_004196_det19_tr0001.png,D:\personal_resources\CV_research\boxmot\output\bee_foreground_random100_review_v2_20260516\masked\001947__BEE24-33_004196_det19_tr0001.jpg,D:\personal_resources\CV_research\boxmot\output\bee_foreground_random100_review_v2_20260516\overlays\001947__BEE24-33_004196_det19_tr0001.jpg,1243,0.500402576489533,0.8695652173913043,0.02574416733708769,0.509075939655304,0.9342694878578186
48,000770\BEE24-33_000311_det06_tr0020.jpg,D:\personal_resources\CV_research\AutoDL\train_20260501\000770\BEE24-33_000311_det06_tr0020.jpg,D:\personal_resources\CV_research\boxmot\output\bee_foreground_random100_review_v2_20260516\labels\000770__BEE24-33_000311_det06_tr0020.png,D:\personal_resources\CV_research\boxmot\output\bee_foreground_random100_review_v2_20260516\masked\000770__BEE24-33_000311_det06_tr0020.jpg,D:\personal_resources\CV_research\boxmot\output\bee_foreground_random100_review_v2_20260516\overlays\000770__BEE24-33_000311_det06_tr0020.jpg,436,0.558974358974359,0.8,0.03669724770642202,0.5832178592681885,0.9195825457572937
49,001194\BEE24-33_002348_det26_tr0004.jpg,D:\personal_resources\CV_research\AutoDL\train_20260501\001194\BEE24-33_002348_det26_tr0004.jpg,D:\personal_resources\CV_research\boxmot\output\bee_foreground_random100_review_v2_20260516\labels\001194__BEE24-33_002348_det26_tr0004.png,D:\personal_resources\CV_research\boxmot\output\bee_foreground_random100_review_v2_20260516\masked\001194__BEE24-33_002348_det26_tr0004.jpg,D:\personal_resources\CV_research\boxmot\output\bee_foreground_random100_review_v2_20260516\overlays\001194__BEE24-33_002348_det26_tr0004.jpg,471,0.5786240786240786,0.7862407862407862,0.050955414012738856,0.5807836055755615,0.9234504103660583
50,000049\BEE24-07_000007_det07_tr0003.jpg,D:\personal_resources\CV_research\AutoDL\train_20260501\000049\BEE24-07_000007_det07_tr0003.jpg,D:\personal_resources\CV_research\boxmot\output\bee_foreground_random100_review_v2_20260516\labels\000049__BEE24-07_000007_det07_tr0003.png,D:\personal_resources\CV_research\boxmot\output\bee_foreground_random100_review_v2_20260516\masked\000049__BEE24-07_000007_det07_tr0003.jpg,D:\personal_resources\CV_research\boxmot\output\bee_foreground_random100_review_v2_20260516\overlays\000049__BEE24-07_000007_det07_tr0003.jpg,3907,0.5985904703539145,0.8383637199325877,0.01177373944202713,0.6041097044944763,0.954826831817627
51,001478\BEE24-33_003549_det27_tr0008.jpg,D:\personal_resources\CV_research\AutoDL\train_20260501\001478\BEE24-33_003549_det27_tr0008.jpg,D:\personal_resources\CV_research\boxmot\output\bee_foreground_random100_review_v2_20260516\labels\001478__BEE24-33_003549_det27_tr0008.png,D:\personal_resources\CV_research\boxmot\output\bee_foreground_random100_review_v2_20260516\masked\001478__BEE24-33_003549_det27_tr0008.jpg,D:\personal_resources\CV_research\boxmot\output\bee_foreground_random100_review_v2_20260516\overlays\001478__BEE24-33_003549_det27_tr0008.jpg,245,0.49,0.69,0.04897959183673469,0.489624559879303,0.9136524200439453
52,001311\BEE24-33_002672_det34_tr0000.jpg,D:\personal_resources\CV_research\AutoDL\train_20260501\001311\BEE24-33_002672_det34_tr0000.jpg,D:\personal_resources\CV_research\boxmot\output\bee_foreground_random100_review_v2_20260516\labels\001311__BEE24-33_002672_det34_tr0000.png,D:\personal_resources\CV_research\boxmot\output\bee_foreground_random100_review_v2_20260516\masked\001311__BEE24-33_002672_det34_tr0000.jpg,D:\personal_resources\CV_research\boxmot\output\bee_foreground_random100_review_v2_20260516\overlays\001311__BEE24-33_002672_det34_tr0000.jpg,311,0.40974967061923584,0.6758893280632411,0.1157556270096463,0.5067923665046692,0.8891173601150513
53,000923\BEE24-33_001222_det24_tr0015.jpg,D:\personal_resources\CV_research\AutoDL\train_20260501\000923\BEE24-33_001222_det24_tr0015.jpg,D:\personal_resources\CV_research\boxmot\output\bee_foreground_random100_review_v2_20260516\labels\000923__BEE24-33_001222_det24_tr0015.png,D:\personal_resources\CV_research\boxmot\output\bee_foreground_random100_review_v2_20260516\masked\000923__BEE24-33_001222_det24_tr0015.jpg,D:\personal_resources\CV_research\boxmot\output\bee_foreground_random100_review_v2_20260516\overlays\000923__BEE24-33_001222_det24_tr0015.jpg,789,0.5767543859649122,0.7953216374269005,0.011406844106463879,0.5777108073234558,0.8842515349388123
54,001044\BEE24-33_001794_det34_tr0006.jpg,D:\personal_resources\CV_research\AutoDL\train_20260501\001044\BEE24-33_001794_det34_tr0006.jpg,D:\personal_resources\CV_research\boxmot\output\bee_foreground_random100_review_v2_20260516\labels\001044__BEE24-33_001794_det34_tr0006.png,D:\personal_resources\CV_research\boxmot\output\bee_foreground_random100_review_v2_20260516\masked\001044__BEE24-33_001794_det34_tr0006.jpg,D:\personal_resources\CV_research\boxmot\output\bee_foreground_random100_review_v2_20260516\overlays\001044__BEE24-33_001794_det34_tr0006.jpg,541,0.5464646464646464,0.8282828282828283,0.04066543438077634,0.545189619064331,0.9163141250610352
55,000274\BEE24-19_000069_det05_tr0006.jpg,D:\personal_resources\CV_research\AutoDL\train_20260501\000274\BEE24-19_000069_det05_tr0006.jpg,D:\personal_resources\CV_research\boxmot\output\bee_foreground_random100_review_v2_20260516\labels\000274__BEE24-19_000069_det05_tr0006.png,D:\personal_resources\CV_research\boxmot\output\bee_foreground_random100_review_v2_20260516\masked\000274__BEE24-19_000069_det05_tr0006.jpg,D:\personal_resources\CV_research\boxmot\output\bee_foreground_random100_review_v2_20260516\overlays\000274__BEE24-19_000069_det05_tr0006.jpg,2237,0.42780646395104227,0.7538726333907056,0.007599463567277604,0.46005040407180786,0.9125925302505493
56,000088\BEE24-10_000122_det09_tr0026.jpg,D:\personal_resources\CV_research\AutoDL\train_20260501\000088\BEE24-10_000122_det09_tr0026.jpg,D:\personal_resources\CV_research\boxmot\output\bee_foreground_random100_review_v2_20260516\labels\000088__BEE24-10_000122_det09_tr0026.png,D:\personal_resources\CV_research\boxmot\output\bee_foreground_random100_review_v2_20260516\masked\000088__BEE24-10_000122_det09_tr0026.jpg,D:\personal_resources\CV_research\boxmot\output\bee_foreground_random100_review_v2_20260516\overlays\000088__BEE24-10_000122_det09_tr0026.jpg,1231,0.5636446886446886,0.7962454212454212,0.021121039805036556,0.5627520680427551,0.9226645231246948
57,000515\BEE24-33_000032_det02_tr0010.jpg,D:\personal_resources\CV_research\AutoDL\train_20260501\000515\BEE24-33_000032_det02_tr0010.jpg,D:\personal_resources\CV_research\boxmot\output\bee_foreground_random100_review_v2_20260516\labels\000515__BEE24-33_000032_det02_tr0010.png,D:\personal_resources\CV_research\boxmot\output\bee_foreground_random100_review_v2_20260516\masked\000515__BEE24-33_000032_det02_tr0010.jpg,D:\personal_resources\CV_research\boxmot\output\bee_foreground_random100_review_v2_20260516\overlays\000515__BEE24-33_000032_det02_tr0010.jpg,464,0.4773662551440329,0.7242798353909465,0.0,0.5294240713119507,0.9177948236465454
58,000865\BEE24-33_001174_det15_tr0023.jpg,D:\personal_resources\CV_research\AutoDL\train_20260501\000865\BEE24-33_001174_det15_tr0023.jpg,D:\personal_resources\CV_research\boxmot\output\bee_foreground_random100_review_v2_20260516\labels\000865__BEE24-33_001174_det15_tr0023.png,D:\personal_resources\CV_research\boxmot\output\bee_foreground_random100_review_v2_20260516\masked\000865__BEE24-33_001174_det15_tr0023.jpg,D:\personal_resources\CV_research\boxmot\output\bee_foreground_random100_review_v2_20260516\overlays\000865__BEE24-33_001174_det15_tr0023.jpg,748,0.5137362637362637,0.7747252747252747,0.02406417112299465,0.5255105495452881,0.9059110283851624
59,001256\BEE24-33_002612_det22_tr0004.jpg,D:\personal_resources\CV_research\AutoDL\train_20260501\001256\BEE24-33_002612_det22_tr0004.jpg,D:\personal_resources\CV_research\boxmot\output\bee_foreground_random100_review_v2_20260516\labels\001256__BEE24-33_002612_det22_tr0004.png,D:\personal_resources\CV_research\boxmot\output\bee_foreground_random100_review_v2_20260516\masked\001256__BEE24-33_002612_det22_tr0004.jpg,D:\personal_resources\CV_research\boxmot\output\bee_foreground_random100_review_v2_20260516\overlays\001256__BEE24-33_002612_det22_tr0004.jpg,910,0.5803571428571429,0.860969387755102,0.054945054945054944,0.5805973410606384,0.9303810596466064
60,000923\BEE24-33_001227_det24_tr0016.jpg,D:\personal_resources\CV_research\AutoDL\train_20260501\000923\BEE24-33_001227_det24_tr0016.jpg,D:\personal_resources\CV_research\boxmot\output\bee_foreground_random100_review_v2_20260516\labels\000923__BEE24-33_001227_det24_tr0016.png,D:\personal_resources\CV_research\boxmot\output\bee_foreground_random100_review_v2_20260516\masked\000923__BEE24-33_001227_det24_tr0016.jpg,D:\personal_resources\CV_research\boxmot\output\bee_foreground_random100_review_v2_20260516\overlays\000923__BEE24-33_001227_det24_tr0016.jpg,460,0.5043859649122807,0.6798245614035088,0.0,0.516106128692627,0.8950073719024658
61,001090\BEE24-33_001900_det35_tr0006.jpg,D:\personal_resources\CV_research\AutoDL\train_20260501\001090\BEE24-33_001900_det35_tr0006.jpg,D:\personal_resources\CV_research\boxmot\output\bee_foreground_random100_review_v2_20260516\labels\001090__BEE24-33_001900_det35_tr0006.png,D:\personal_resources\CV_research\boxmot\output\bee_foreground_random100_review_v2_20260516\masked\001090__BEE24-33_001900_det35_tr0006.jpg,D:\personal_resources\CV_research\boxmot\output\bee_foreground_random100_review_v2_20260516\overlays\001090__BEE24-33_001900_det35_tr0006.jpg,1130,0.5633100697906281,0.8135593220338984,0.010619469026548672,0.5700079202651978,0.9418314695358276
62,000866\BEE24-33_001087_det37_tr0009.jpg,D:\personal_resources\CV_research\AutoDL\train_20260501\000866\BEE24-33_001087_det37_tr0009.jpg,D:\personal_resources\CV_research\boxmot\output\bee_foreground_random100_review_v2_20260516\labels\000866__BEE24-33_001087_det37_tr0009.png,D:\personal_resources\CV_research\boxmot\output\bee_foreground_random100_review_v2_20260516\masked\000866__BEE24-33_001087_det37_tr0009.jpg,D:\personal_resources\CV_research\boxmot\output\bee_foreground_random100_review_v2_20260516\overlays\000866__BEE24-33_001087_det37_tr0009.jpg,645,0.5842391304347826,0.8559782608695652,0.027906976744186046,0.5897931456565857,0.9120452404022217
63,001356\BEE24-33_002875_det23_tr0005.jpg,D:\personal_resources\CV_research\AutoDL\train_20260501\001356\BEE24-33_002875_det23_tr0005.jpg,D:\personal_resources\CV_research\boxmot\output\bee_foreground_random100_review_v2_20260516\labels\001356__BEE24-33_002875_det23_tr0005.png,D:\personal_resources\CV_research\boxmot\output\bee_foreground_random100_review_v2_20260516\masked\001356__BEE24-33_002875_det23_tr0005.jpg,D:\personal_resources\CV_research\boxmot\output\bee_foreground_random100_review_v2_20260516\overlays\001356__BEE24-33_002875_det23_tr0005.jpg,240,0.49382716049382713,0.7901234567901234,0.07916666666666666,0.504377543926239,0.9265294671058655
64,000794\BEE24-33_001012_det29_tr0016.jpg,D:\personal_resources\CV_research\AutoDL\train_20260501\000794\BEE24-33_001012_det29_tr0016.jpg,D:\personal_resources\CV_research\boxmot\output\bee_foreground_random100_review_v2_20260516\labels\000794__BEE24-33_001012_det29_tr0016.png,D:\personal_resources\CV_research\boxmot\output\bee_foreground_random100_review_v2_20260516\masked\000794__BEE24-33_001012_det29_tr0016.jpg,D:\personal_resources\CV_research\boxmot\output\bee_foreground_random100_review_v2_20260516\overlays\000794__BEE24-33_001012_det29_tr0016.jpg,689,0.5888888888888889,0.9230769230769231,0.08127721335268505,0.5850286483764648,0.9245506525039673
65,000495\BEE24-31_000038_det03_tr0023.jpg,D:\personal_resources\CV_research\AutoDL\train_20260501\000495\BEE24-31_000038_det03_tr0023.jpg,D:\personal_resources\CV_research\boxmot\output\bee_foreground_random100_review_v2_20260516\labels\000495__BEE24-31_000038_det03_tr0023.png,D:\personal_resources\CV_research\boxmot\output\bee_foreground_random100_review_v2_20260516\masked\000495__BEE24-31_000038_det03_tr0023.jpg,D:\personal_resources\CV_research\boxmot\output\bee_foreground_random100_review_v2_20260516\overlays\000495__BEE24-31_000038_det03_tr0023.jpg,3376,0.33176100628930816,0.487814465408805,0.0,0.3485317528247833,0.9260141253471375
66,001228\BEE24-33_002510_det17_tr0022.jpg,D:\personal_resources\CV_research\AutoDL\train_20260501\001228\BEE24-33_002510_det17_tr0022.jpg,D:\personal_resources\CV_research\boxmot\output\bee_foreground_random100_review_v2_20260516\labels\001228__BEE24-33_002510_det17_tr0022.png,D:\personal_resources\CV_research\boxmot\output\bee_foreground_random100_review_v2_20260516\masked\001228__BEE24-33_002510_det17_tr0022.jpg,D:\personal_resources\CV_research\boxmot\output\bee_foreground_random100_review_v2_20260516\overlays\001228__BEE24-33_002510_det17_tr0022.jpg,672,0.64,0.86,0.11011904761904762,0.6436613202095032,0.9292417168617249
67,000711\BEE24-33_000954_det16_tr0019.jpg,D:\personal_resources\CV_research\AutoDL\train_20260501\000711\BEE24-33_000954_det16_tr0019.jpg,D:\personal_resources\CV_research\boxmot\output\bee_foreground_random100_review_v2_20260516\labels\000711__BEE24-33_000954_det16_tr0019.png,D:\personal_resources\CV_research\boxmot\output\bee_foreground_random100_review_v2_20260516\masked\000711__BEE24-33_000954_det16_tr0019.jpg,D:\personal_resources\CV_research\boxmot\output\bee_foreground_random100_review_v2_20260516\overlays\000711__BEE24-33_000954_det16_tr0019.jpg,512,0.4951644100580271,0.7659574468085106,0.078125,0.49411308765411377,0.8933602571487427
68,001734\BEE24-33_004840_det35_tr0014.jpg,D:\personal_resources\CV_research\AutoDL\train_20260501\001734\BEE24-33_004840_det35_tr0014.jpg,D:\personal_resources\CV_research\boxmot\output\bee_foreground_random100_review_v2_20260516\labels\001734__BEE24-33_004840_det35_tr0014.png,D:\personal_resources\CV_research\boxmot\output\bee_foreground_random100_review_v2_20260516\masked\001734__BEE24-33_004840_det35_tr0014.jpg,D:\personal_resources\CV_research\boxmot\output\bee_foreground_random100_review_v2_20260516\overlays\001734__BEE24-33_004840_det35_tr0014.jpg,824,0.5255102040816326,0.7040816326530612,0.0,0.5420286655426025,0.8913110494613647
69,000972\BEE24-33_001324_det39_tr0010.jpg,D:\personal_resources\CV_research\AutoDL\train_20260501\000972\BEE24-33_001324_det39_tr0010.jpg,D:\personal_resources\CV_research\boxmot\output\bee_foreground_random100_review_v2_20260516\labels\000972__BEE24-33_001324_det39_tr0010.png,D:\personal_resources\CV_research\boxmot\output\bee_foreground_random100_review_v2_20260516\masked\000972__BEE24-33_001324_det39_tr0010.jpg,D:\personal_resources\CV_research\boxmot\output\bee_foreground_random100_review_v2_20260516\overlays\000972__BEE24-33_001324_det39_tr0010.jpg,430,0.6204906204906205,0.8311688311688312,0.10232558139534884,0.624348521232605,0.9110801815986633
70,001374\BEE24-33_002904_det33_tr0014.jpg,D:\personal_resources\CV_research\AutoDL\train_20260501\001374\BEE24-33_002904_det33_tr0014.jpg,D:\personal_resources\CV_research\boxmot\output\bee_foreground_random100_review_v2_20260516\labels\001374__BEE24-33_002904_det33_tr0014.png,D:\personal_resources\CV_research\boxmot\output\bee_foreground_random100_review_v2_20260516\masked\001374__BEE24-33_002904_det33_tr0014.jpg,D:\personal_resources\CV_research\boxmot\output\bee_foreground_random100_review_v2_20260516\overlays\001374__BEE24-33_002904_det33_tr0014.jpg,69,0.4423076923076923,0.7051282051282052,0.13043478260869565,0.4366739094257355,0.8465460538864136
71,000721\BEE24-33_000206_det16_tr0009.jpg,D:\personal_resources\CV_research\AutoDL\train_20260501\000721\BEE24-33_000206_det16_tr0009.jpg,D:\personal_resources\CV_research\boxmot\output\bee_foreground_random100_review_v2_20260516\labels\000721__BEE24-33_000206_det16_tr0009.png,D:\personal_resources\CV_research\boxmot\output\bee_foreground_random100_review_v2_20260516\masked\000721__BEE24-33_000206_det16_tr0009.jpg,D:\personal_resources\CV_research\boxmot\output\bee_foreground_random100_review_v2_20260516\overlays\000721__BEE24-33_000206_det16_tr0009.jpg,355,0.5916666666666667,0.8433333333333334,0.0647887323943662,0.5917914509773254,0.923926055431366
72,001671\BEE24-33_004846_det11_tr0015.jpg,D:\personal_resources\CV_research\AutoDL\train_20260501\001671\BEE24-33_004846_det11_tr0015.jpg,D:\personal_resources\CV_research\boxmot\output\bee_foreground_random100_review_v2_20260516\labels\001671__BEE24-33_004846_det11_tr0015.png,D:\personal_resources\CV_research\boxmot\output\bee_foreground_random100_review_v2_20260516\masked\001671__BEE24-33_004846_det11_tr0015.jpg,D:\personal_resources\CV_research\boxmot\output\bee_foreground_random100_review_v2_20260516\overlays\001671__BEE24-33_004846_det11_tr0015.jpg,709,0.3669772256728778,0.4787784679089027,0.0,0.4030386507511139,0.9055429697036743
73,000079\BEE24-10_000117_det06_tr0018.jpg,D:\personal_resources\CV_research\AutoDL\train_20260501\000079\BEE24-10_000117_det06_tr0018.jpg,D:\personal_resources\CV_research\boxmot\output\bee_foreground_random100_review_v2_20260516\labels\000079__BEE24-10_000117_det06_tr0018.png,D:\personal_resources\CV_research\boxmot\output\bee_foreground_random100_review_v2_20260516\masked\000079__BEE24-10_000117_det06_tr0018.jpg,D:\personal_resources\CV_research\boxmot\output\bee_foreground_random100_review_v2_20260516\overlays\000079__BEE24-10_000117_det06_tr0018.jpg,2745,0.6182432432432432,0.8783783783783784,0.06083788706739526,0.6217400431632996,0.9559028744697571
74,000751\BEE24-33_000225_det12_tr0006.jpg,D:\personal_resources\CV_research\AutoDL\train_20260501\000751\BEE24-33_000225_det12_tr0006.jpg,D:\personal_resources\CV_research\boxmot\output\bee_foreground_random100_review_v2_20260516\labels\000751__BEE24-33_000225_det12_tr0006.png,D:\personal_resources\CV_research\boxmot\output\bee_foreground_random100_review_v2_20260516\masked\000751__BEE24-33_000225_det12_tr0006.jpg,D:\personal_resources\CV_research\boxmot\output\bee_foreground_random100_review_v2_20260516\overlays\000751__BEE24-33_000225_det12_tr0006.jpg,1470,0.3888888888888889,0.5915343915343916,0.0,0.41076821088790894,0.9170293807983398
75,001349\BEE24-33_002809_det31_tr0005.jpg,D:\personal_resources\CV_research\AutoDL\train_20260501\001349\BEE24-33_002809_det31_tr0005.jpg,D:\personal_resources\CV_research\boxmot\output\bee_foreground_random100_review_v2_20260516\labels\001349__BEE24-33_002809_det31_tr0005.png,D:\personal_resources\CV_research\boxmot\output\bee_foreground_random100_review_v2_20260516\masked\001349__BEE24-33_002809_det31_tr0005.jpg,D:\personal_resources\CV_research\boxmot\output\bee_foreground_random100_review_v2_20260516\overlays\001349__BEE24-33_002809_det31_tr0005.jpg,204,0.44155844155844154,0.5844155844155844,0.0,0.47495171427726746,0.919512152671814
76,000339\BEE24-23_000026_det04_tr0006.jpg,D:\personal_resources\CV_research\AutoDL\train_20260501\000339\BEE24-23_000026_det04_tr0006.jpg,D:\personal_resources\CV_research\boxmot\output\bee_foreground_random100_review_v2_20260516\labels\000339__BEE24-23_000026_det04_tr0006.png,D:\personal_resources\CV_research\boxmot\output\bee_foreground_random100_review_v2_20260516\masked\000339__BEE24-23_000026_det04_tr0006.jpg,D:\personal_resources\CV_research\boxmot\output\bee_foreground_random100_review_v2_20260516\overlays\000339__BEE24-23_000026_det04_tr0006.jpg,3044,0.5926791277258567,0.8777258566978193,0.00985545335085414,0.5973992943763733,0.9346088767051697
77,000061\BEE24-08_000034_det05_tr0007.jpg,D:\personal_resources\CV_research\AutoDL\train_20260501\000061\BEE24-08_000034_det05_tr0007.jpg,D:\personal_resources\CV_research\boxmot\output\bee_foreground_random100_review_v2_20260516\labels\000061__BEE24-08_000034_det05_tr0007.png,D:\personal_resources\CV_research\boxmot\output\bee_foreground_random100_review_v2_20260516\masked\000061__BEE24-08_000034_det05_tr0007.jpg,D:\personal_resources\CV_research\boxmot\output\bee_foreground_random100_review_v2_20260516\overlays\000061__BEE24-08_000034_det05_tr0007.jpg,1511,0.4642089093701997,0.6623655913978495,0.0,0.4776943325996399,0.9387001991271973
78,001009\BEE24-33_001490_det16_tr0011.jpg,D:\personal_resources\CV_research\AutoDL\train_20260501\001009\BEE24-33_001490_det16_tr0011.jpg,D:\personal_resources\CV_research\boxmot\output\bee_foreground_random100_review_v2_20260516\labels\001009__BEE24-33_001490_det16_tr0011.png,D:\personal_resources\CV_research\boxmot\output\bee_foreground_random100_review_v2_20260516\masked\001009__BEE24-33_001490_det16_tr0011.jpg,D:\personal_resources\CV_research\boxmot\output\bee_foreground_random100_review_v2_20260516\overlays\001009__BEE24-33_001490_det16_tr0011.jpg,846,0.5595238095238095,0.8406084656084656,0.05200945626477541,0.5670168399810791,0.9035842418670654
79,000025\BEE24-04_000028_det02_tr0020.jpg,D:\personal_resources\CV_research\AutoDL\train_20260501\000025\BEE24-04_000028_det02_tr0020.jpg,D:\personal_resources\CV_research\boxmot\output\bee_foreground_random100_review_v2_20260516\labels\000025__BEE24-04_000028_det02_tr0020.png,D:\personal_resources\CV_research\boxmot\output\bee_foreground_random100_review_v2_20260516\masked\000025__BEE24-04_000028_det02_tr0020.jpg,D:\personal_resources\CV_research\boxmot\output\bee_foreground_random100_review_v2_20260516\overlays\000025__BEE24-04_000028_det02_tr0020.jpg,1604,0.4739952718676123,0.7106973995271868,0.003740648379052369,0.49316248297691345,0.9358980059623718
80,001713\BEE24-33_001624_det19_tr0008.jpg,D:\personal_resources\CV_research\AutoDL\train_20260501\001713\BEE24-33_001624_det19_tr0008.jpg,D:\personal_resources\CV_research\boxmot\output\bee_foreground_random100_review_v2_20260516\labels\001713__BEE24-33_001624_det19_tr0008.png,D:\personal_resources\CV_research\boxmot\output\bee_foreground_random100_review_v2_20260516\masked\001713__BEE24-33_001624_det19_tr0008.jpg,D:\personal_resources\CV_research\boxmot\output\bee_foreground_random100_review_v2_20260516\overlays\001713__BEE24-33_001624_det19_tr0008.jpg,242,0.46095238095238095,0.6152380952380953,0.09917355371900827,0.4898778796195984,0.9035481810569763
81,000454\BEE24-28_000011_det05_tr0006.jpg,D:\personal_resources\CV_research\AutoDL\train_20260501\000454\BEE24-28_000011_det05_tr0006.jpg,D:\personal_resources\CV_research\boxmot\output\bee_foreground_random100_review_v2_20260516\labels\000454__BEE24-28_000011_det05_tr0006.png,D:\personal_resources\CV_research\boxmot\output\bee_foreground_random100_review_v2_20260516\masked\000454__BEE24-28_000011_det05_tr0006.jpg,D:\personal_resources\CV_research\boxmot\output\bee_foreground_random100_review_v2_20260516\overlays\000454__BEE24-28_000011_det05_tr0006.jpg,1365,0.48148148148148145,0.599647266313933,0.0,0.5041934251785278,0.9393910765647888
82,000696\BEE24-33_000227_det06_tr0008.jpg,D:\personal_resources\CV_research\AutoDL\train_20260501\000696\BEE24-33_000227_det06_tr0008.jpg,D:\personal_resources\CV_research\boxmot\output\bee_foreground_random100_review_v2_20260516\labels\000696__BEE24-33_000227_det06_tr0008.png,D:\personal_resources\CV_research\boxmot\output\bee_foreground_random100_review_v2_20260516\masked\000696__BEE24-33_000227_det06_tr0008.jpg,D:\personal_resources\CV_research\boxmot\output\bee_foreground_random100_review_v2_20260516\overlays\000696__BEE24-33_000227_det06_tr0008.jpg,784,0.3865877712031558,0.48520710059171596,0.0,0.4031851291656494,0.9216992259025574
83,000652\BEE24-33_000496_det37_tr0002.jpg,D:\personal_resources\CV_research\AutoDL\train_20260501\000652\BEE24-33_000496_det37_tr0002.jpg,D:\personal_resources\CV_research\boxmot\output\bee_foreground_random100_review_v2_20260516\labels\000652__BEE24-33_000496_det37_tr0002.png,D:\personal_resources\CV_research\boxmot\output\bee_foreground_random100_review_v2_20260516\masked\000652__BEE24-33_000496_det37_tr0002.jpg,D:\personal_resources\CV_research\boxmot\output\bee_foreground_random100_review_v2_20260516\overlays\000652__BEE24-33_000496_det37_tr0002.jpg,686,0.5196969696969697,0.7984848484848485,0.05102040816326531,0.53154456615448,0.9172292351722717
84,001795\BEE24-33_001688_det29_tr0006.jpg,D:\personal_resources\CV_research\AutoDL\train_20260501\001795\BEE24-33_001688_det29_tr0006.jpg,D:\personal_resources\CV_research\boxmot\output\bee_foreground_random100_review_v2_20260516\labels\001795__BEE24-33_001688_det29_tr0006.png,D:\personal_resources\CV_research\boxmot\output\bee_foreground_random100_review_v2_20260516\masked\001795__BEE24-33_001688_det29_tr0006.jpg,D:\personal_resources\CV_research\boxmot\output\bee_foreground_random100_review_v2_20260516\overlays\001795__BEE24-33_001688_det29_tr0006.jpg,320,0.49230769230769234,0.7430769230769231,0.040625,0.5057411789894104,0.8868001103401184
85,000749\BEE24-33_000543_det44_tr0000.jpg,D:\personal_resources\CV_research\AutoDL\train_20260501\000749\BEE24-33_000543_det44_tr0000.jpg,D:\personal_resources\CV_research\boxmot\output\bee_foreground_random100_review_v2_20260516\labels\000749__BEE24-33_000543_det44_tr0000.png,D:\personal_resources\CV_research\boxmot\output\bee_foreground_random100_review_v2_20260516\masked\000749__BEE24-33_000543_det44_tr0000.jpg,D:\personal_resources\CV_research\boxmot\output\bee_foreground_random100_review_v2_20260516\overlays\000749__BEE24-33_000543_det44_tr0000.jpg,876,0.503448275862069,0.6051724137931035,0.001141552511415525,0.5224104523658752,0.9308977723121643
86,001742\BEE24-33_004857_det39_tr0005.jpg,D:\personal_resources\CV_research\AutoDL\train_20260501\001742\BEE24-33_004857_det39_tr0005.jpg,D:\personal_resources\CV_research\boxmot\output\bee_foreground_random100_review_v2_20260516\labels\001742__BEE24-33_004857_det39_tr0005.png,D:\personal_resources\CV_research\boxmot\output\bee_foreground_random100_review_v2_20260516\masked\001742__BEE24-33_004857_det39_tr0005.jpg,D:\personal_resources\CV_research\boxmot\output\bee_foreground_random100_review_v2_20260516\overlays\001742__BEE24-33_004857_det39_tr0005.jpg,404,0.48792270531400966,0.642512077294686,0.0,0.5081400275230408,0.9112268090248108
87,001594\BEE24-33_004373_det26_tr0013.jpg,D:\personal_resources\CV_research\AutoDL\train_20260501\001594\BEE24-33_004373_det26_tr0013.jpg,D:\personal_resources\CV_research\boxmot\output\bee_foreground_random100_review_v2_20260516\labels\001594__BEE24-33_004373_det26_tr0013.png,D:\personal_resources\CV_research\boxmot\output\bee_foreground_random100_review_v2_20260516\masked\001594__BEE24-33_004373_det26_tr0013.jpg,D:\personal_resources\CV_research\boxmot\output\bee_foreground_random100_review_v2_20260516\overlays\001594__BEE24-33_004373_det26_tr0013.jpg,819,0.4117647058823529,0.6596279537456008,0.0,0.4532146751880646,0.9057914614677429
88,001506\BEE24-33_003609_det40_tr0012.jpg,D:\personal_resources\CV_research\AutoDL\train_20260501\001506\BEE24-33_003609_det40_tr0012.jpg,D:\personal_resources\CV_research\boxmot\output\bee_foreground_random100_review_v2_20260516\labels\001506__BEE24-33_003609_det40_tr0012.png,D:\personal_resources\CV_research\boxmot\output\bee_foreground_random100_review_v2_20260516\masked\001506__BEE24-33_003609_det40_tr0012.jpg,D:\personal_resources\CV_research\boxmot\output\bee_foreground_random100_review_v2_20260516\overlays\001506__BEE24-33_003609_det40_tr0012.jpg,315,0.4474431818181818,0.7414772727272727,0.11746031746031746,0.48291441798210144,0.8924895524978638
89,001881\BEE24-33_003071_det04_tr0017.jpg,D:\personal_resources\CV_research\AutoDL\train_20260501\001881\BEE24-33_003071_det04_tr0017.jpg,D:\personal_resources\CV_research\boxmot\output\bee_foreground_random100_review_v2_20260516\labels\001881__BEE24-33_003071_det04_tr0017.png,D:\personal_resources\CV_research\boxmot\output\bee_foreground_random100_review_v2_20260516\masked\001881__BEE24-33_003071_det04_tr0017.jpg,D:\personal_resources\CV_research\boxmot\output\bee_foreground_random100_review_v2_20260516\overlays\001881__BEE24-33_003071_det04_tr0017.jpg,745,0.4667919799498747,0.7268170426065163,0.010738255033557046,0.4781332314014435,0.9236080646514893
90,001911\BEE24-33_003535_det13_tr0000.jpg,D:\personal_resources\CV_research\AutoDL\train_20260501\001911\BEE24-33_003535_det13_tr0000.jpg,D:\personal_resources\CV_research\boxmot\output\bee_foreground_random100_review_v2_20260516\labels\001911__BEE24-33_003535_det13_tr0000.png,D:\personal_resources\CV_research\boxmot\output\bee_foreground_random100_review_v2_20260516\masked\001911__BEE24-33_003535_det13_tr0000.jpg,D:\personal_resources\CV_research\boxmot\output\bee_foreground_random100_review_v2_20260516\overlays\001911__BEE24-33_003535_det13_tr0000.jpg,1010,0.5459459459459459,0.7783783783783784,0.0,0.5712531208992004,0.9215318560600281
91,002224\BEE24-13_000069_det23_tr0010.jpg,D:\personal_resources\CV_research\AutoDL\train_20260501\002224\BEE24-13_000069_det23_tr0010.jpg,D:\personal_resources\CV_research\boxmot\output\bee_foreground_random100_review_v2_20260516\labels\002224__BEE24-13_000069_det23_tr0010.png,D:\personal_resources\CV_research\boxmot\output\bee_foreground_random100_review_v2_20260516\masked\002224__BEE24-13_000069_det23_tr0010.jpg,D:\personal_resources\CV_research\boxmot\output\bee_foreground_random100_review_v2_20260516\overlays\002224__BEE24-13_000069_det23_tr0010.jpg,447,0.4048913043478261,0.5706521739130435,0.0,0.4301595687866211,0.9128763675689697
92,000767\BEE24-33_000579_det38_tr0018.jpg,D:\personal_resources\CV_research\AutoDL\train_20260501\000767\BEE24-33_000579_det38_tr0018.jpg,D:\personal_resources\CV_research\boxmot\output\bee_foreground_random100_review_v2_20260516\labels\000767__BEE24-33_000579_det38_tr0018.png,D:\personal_resources\CV_research\boxmot\output\bee_foreground_random100_review_v2_20260516\masked\000767__BEE24-33_000579_det38_tr0018.jpg,D:\personal_resources\CV_research\boxmot\output\bee_foreground_random100_review_v2_20260516\overlays\000767__BEE24-33_000579_det38_tr0018.jpg,827,0.5220959595959596,0.75,0.03869407496977025,0.5387585163116455,0.8943105340003967
93,001345\BEE24-33_002789_det33_tr0005.jpg,D:\personal_resources\CV_research\AutoDL\train_20260501\001345\BEE24-33_002789_det33_tr0005.jpg,D:\personal_resources\CV_research\boxmot\output\bee_foreground_random100_review_v2_20260516\labels\001345__BEE24-33_002789_det33_tr0005.png,D:\personal_resources\CV_research\boxmot\output\bee_foreground_random100_review_v2_20260516\masked\001345__BEE24-33_002789_det33_tr0005.jpg,D:\personal_resources\CV_research\boxmot\output\bee_foreground_random100_review_v2_20260516\overlays\001345__BEE24-33_002789_det33_tr0005.jpg,465,0.510989010989011,0.7076923076923077,0.034408602150537634,0.5137268900871277,0.9133872389793396
94,000870\BEE24-33_000355_det29_tr0007.jpg,D:\personal_resources\CV_research\AutoDL\train_20260501\000870\BEE24-33_000355_det29_tr0007.jpg,D:\personal_resources\CV_research\boxmot\output\bee_foreground_random100_review_v2_20260516\labels\000870__BEE24-33_000355_det29_tr0007.png,D:\personal_resources\CV_research\boxmot\output\bee_foreground_random100_review_v2_20260516\masked\000870__BEE24-33_000355_det29_tr0007.jpg,D:\personal_resources\CV_research\boxmot\output\bee_foreground_random100_review_v2_20260516\overlays\000870__BEE24-33_000355_det29_tr0007.jpg,207,0.391304347826087,0.5160680529300568,0.033816425120772944,0.41727468371391296,0.864272952079773
95,001716\BEE24-33_004833_det26_tr0013.jpg,D:\personal_resources\CV_research\AutoDL\train_20260501\001716\BEE24-33_004833_det26_tr0013.jpg,D:\personal_resources\CV_research\boxmot\output\bee_foreground_random100_review_v2_20260516\labels\001716__BEE24-33_004833_det26_tr0013.png,D:\personal_resources\CV_research\boxmot\output\bee_foreground_random100_review_v2_20260516\masked\001716__BEE24-33_004833_det26_tr0013.jpg,D:\personal_resources\CV_research\boxmot\output\bee_foreground_random100_review_v2_20260516\overlays\001716__BEE24-33_004833_det26_tr0013.jpg,950,0.5074786324786325,0.6634615384615384,0.0,0.5278909802436829,0.903719425201416
96,001402\BEE24-33_003593_det05_tr0018.jpg,D:\personal_resources\CV_research\AutoDL\train_20260501\001402\BEE24-33_003593_det05_tr0018.jpg,D:\personal_resources\CV_research\boxmot\output\bee_foreground_random100_review_v2_20260516\labels\001402__BEE24-33_003593_det05_tr0018.png,D:\personal_resources\CV_research\boxmot\output\bee_foreground_random100_review_v2_20260516\masked\001402__BEE24-33_003593_det05_tr0018.jpg,D:\personal_resources\CV_research\boxmot\output\bee_foreground_random100_review_v2_20260516\overlays\001402__BEE24-33_003593_det05_tr0018.jpg,949,0.37186520376175547,0.5595611285266457,0.01685985247629083,0.39729204773902893,0.9168185591697693
97,001876\BEE24-33_002465_det21_tr0006.jpg,D:\personal_resources\CV_research\AutoDL\train_20260501\001876\BEE24-33_002465_det21_tr0006.jpg,D:\personal_resources\CV_research\boxmot\output\bee_foreground_random100_review_v2_20260516\labels\001876__BEE24-33_002465_det21_tr0006.png,D:\personal_resources\CV_research\boxmot\output\bee_foreground_random100_review_v2_20260516\masked\001876__BEE24-33_002465_det21_tr0006.jpg,D:\personal_resources\CV_research\boxmot\output\bee_foreground_random100_review_v2_20260516\overlays\001876__BEE24-33_002465_det21_tr0006.jpg,359,0.4532828282828283,0.6893939393939394,0.033426183844011144,0.47304394841194153,0.9003564715385437
98,000075\BEE24-10_000168_det01_tr0026.jpg,D:\personal_resources\CV_research\AutoDL\train_20260501\000075\BEE24-10_000168_det01_tr0026.jpg,D:\personal_resources\CV_research\boxmot\output\bee_foreground_random100_review_v2_20260516\labels\000075__BEE24-10_000168_det01_tr0026.png,D:\personal_resources\CV_research\boxmot\output\bee_foreground_random100_review_v2_20260516\masked\000075__BEE24-10_000168_det01_tr0026.jpg,D:\personal_resources\CV_research\boxmot\output\bee_foreground_random100_review_v2_20260516\overlays\000075__BEE24-10_000168_det01_tr0026.jpg,2902,0.5463102409638554,0.8382906626506024,0.04996554100620262,0.5508880019187927,0.9350806474685669
99,001823\BEE24-33_001710_det28_tr0005.jpg,D:\personal_resources\CV_research\AutoDL\train_20260501\001823\BEE24-33_001710_det28_tr0005.jpg,D:\personal_resources\CV_research\boxmot\output\bee_foreground_random100_review_v2_20260516\labels\001823__BEE24-33_001710_det28_tr0005.png,D:\personal_resources\CV_research\boxmot\output\bee_foreground_random100_review_v2_20260516\masked\001823__BEE24-33_001710_det28_tr0005.jpg,D:\personal_resources\CV_research\boxmot\output\bee_foreground_random100_review_v2_20260516\overlays\001823__BEE24-33_001710_det28_tr0005.jpg,254,0.44173913043478263,0.5321739130434783,0.0,0.46040305495262146,0.9062342047691345
100,001634\BEE24-33_004465_det27_tr0005.jpg,D:\personal_resources\CV_research\AutoDL\train_20260501\001634\BEE24-33_004465_det27_tr0005.jpg,D:\personal_resources\CV_research\boxmot\output\bee_foreground_random100_review_v2_20260516\labels\001634__BEE24-33_004465_det27_tr0005.png,D:\personal_resources\CV_research\boxmot\output\bee_foreground_random100_review_v2_20260516\masked\001634__BEE24-33_004465_det27_tr0005.jpg,D:\personal_resources\CV_research\boxmot\output\bee_foreground_random100_review_v2_20260516\overlays\001634__BEE24-33_004465_det27_tr0005.jpg,1241,0.45997034840622686,0.5893254262416605,0.0,0.47642919421195984,0.931242048740387
