base_name,combined_filename,filename,foreground_pixels,foreground_ratio,image_path,mask_path,relative_path,source_dataset,split
000017__BEE24-03_000004_det01_tr0001,000017__BEE24-03_000004_det01_tr0001.jpg,000017__BEE24-03_000004_det01_tr0001.jpg,2896,0.599834,D:\personal_resources\CV_research\boxmot\output\bee_foreground_cvat_200_complete_visible_20260515_01\images\000017__BEE24-03_000004_det01_tr0001.jpg,D:\personal_resources\CV_research\boxmot\output\bee_foreground_manual_dataset_v1\masks_all\000017__BEE24-03_000004_det01_tr0001.png,000017\BEE24-03_000004_det01_tr0001.jpg,v1_190,train
000024__BEE24-04_000044_det01_tr0023,000024__BEE24-04_000044_det01_tr0023.jpg,000024__BEE24-04_000044_det01_tr0023.jpg,2193,0.458020,D:\personal_resources\CV_research\boxmot\output\bee_foreground_cvat_200_complete_visible_20260515_01\images\000024__BEE24-04_000044_det01_tr0023.jpg,D:\personal_resources\CV_research\boxmot\output\bee_foreground_manual_dataset_v1\masks_all\000024__BEE24-04_000044_det01_tr0023.png,000024\BEE24-04_000044_det01_tr0023.jpg,v1_190,train
000024__BEE24-04_000073_det00_tr0039,000024__BEE24-04_000073_det00_tr0039.jpg,000024__BEE24-04_000073_det00_tr0039.jpg,2825,0.444812,D:\personal_resources\CV_research\boxmot\output\bee_foreground_cvat_200_complete_visible_20260515_01\images\000024__BEE24-04_000073_det00_tr0039.jpg,D:\personal_resources\CV_research\boxmot\output\bee_foreground_manual_dataset_v1\masks_all\000024__BEE24-04_000073_det00_tr0039.png,000024\BEE24-04_000073_det00_tr0039.jpg,v1_190,train
000030__BEE24-05_000005_det00_tr0002,000030__BEE24-05_000005_det00_tr0002.jpg,000030__BEE24-05_000005_det00_tr0002.jpg,2832,0.465025,D:\personal_resources\CV_research\boxmot\output\bee_foreground_cvat_200_complete_visible_20260515_01\images\000030__BEE24-05_000005_det00_tr0002.jpg,D:\personal_resources\CV_research\boxmot\output\bee_foreground_manual_dataset_v1\masks_all\000030__BEE24-05_000005_det00_tr0002.png,000030\BEE24-05_000005_det00_tr0002.jpg,v1_190,train
000041__BEE24-06_000004_det06_tr0001,000041__BEE24-06_000004_det06_tr0001.jpg,000041__BEE24-06_000004_det06_tr0001.jpg,2253,0.469375,D:\personal_resources\CV_research\boxmot\output\bee_foreground_cvat_200_complete_visible_20260515_01\images\000041__BEE24-06_000004_det06_tr0001.jpg,D:\personal_resources\CV_research\boxmot\output\bee_foreground_manual_dataset_v1\masks_all\000041__BEE24-06_000004_det06_tr0001.png,000041\BEE24-06_000004_det06_tr0001.jpg,v1_190,train
000042__BEE24-06_000046_det07_tr0003,000042__BEE24-06_000046_det07_tr0003.jpg,000042__BEE24-06_000046_det07_tr0003.jpg,2231,0.457923,D:\personal_resources\CV_research\boxmot\output\bee_foreground_cvat_200_complete_visible_20260515_01\images\000042__BEE24-06_000046_det07_tr0003.jpg,D:\personal_resources\CV_research\boxmot\output\bee_foreground_manual_dataset_v1\masks_all\000042__BEE24-06_000046_det07_tr0003.png,000042\BEE24-06_000046_det07_tr0003.jpg,v1_190,train
000047__BEE24-07_000034_det04_tr0017,000047__BEE24-07_000034_det04_tr0017.jpg,000047__BEE24-07_000034_det04_tr0017.jpg,2745,0.557021,D:\personal_resources\CV_research\boxmot\output\bee_foreground_cvat_200_complete_visible_20260515_01\images\000047__BEE24-07_000034_det04_tr0017.jpg,D:\personal_resources\CV_research\boxmot\output\bee_foreground_manual_dataset_v1\masks_all\000047__BEE24-07_000034_det04_tr0017.png,000047\BEE24-07_000034_det04_tr0017.jpg,v1_190,train
000054__BEE24-08_000035_det00_tr0018,000054__BEE24-08_000035_det00_tr0018.jpg,000054__BEE24-08_000035_det00_tr0018.jpg,1840,0.375510,D:\personal_resources\CV_research\boxmot\output\bee_foreground_cvat_200_complete_visible_20260515_01\images\000054__BEE24-08_000035_det00_tr0018.jpg,D:\personal_resources\CV_research\boxmot\output\bee_foreground_manual_dataset_v1\masks_all\000054__BEE24-08_000035_det00_tr0018.png,000054\BEE24-08_000035_det00_tr0018.jpg,v1_190,train
000077__BEE24-10_000036_det04_tr0005,000077__BEE24-10_000036_det04_tr0005.jpg,000077__BEE24-10_000036_det04_tr0005.jpg,2168,0.555897,D:\personal_resources\CV_research\boxmot\output\bee_foreground_cvat_200_complete_visible_20260515_01\images\000077__BEE24-10_000036_det04_tr0005.jpg,D:\personal_resources\CV_research\boxmot\output\bee_foreground_manual_dataset_v1\masks_all\000077__BEE24-10_000036_det04_tr0005.png,000077\BEE24-10_000036_det04_tr0005.jpg,v1_190,train
000082__BEE24-10_000035_det09_tr0013,000082__BEE24-10_000035_det09_tr0013.jpg,000082__BEE24-10_000035_det09_tr0013.jpg,2802,0.564919,D:\personal_resources\CV_research\boxmot\output\bee_foreground_cvat_200_complete_visible_20260515_01\images\000082__BEE24-10_000035_det09_tr0013.jpg,D:\personal_resources\CV_research\boxmot\output\bee_foreground_manual_dataset_v1\masks_all\000082__BEE24-10_000035_det09_tr0013.png,000082\BEE24-10_000035_det09_tr0013.jpg,v1_190,train
000083__BEE24-10_000036_det10_tr0002,000083__BEE24-10_000036_det10_tr0002.jpg,000083__BEE24-10_000036_det10_tr0002.jpg,2315,0.430618,D:\personal_resources\CV_research\boxmot\output\bee_foreground_cvat_200_complete_visible_20260515_01\images\000083__BEE24-10_000036_det10_tr0002.jpg,D:\personal_resources\CV_research\boxmot\output\bee_foreground_manual_dataset_v1\masks_all\000083__BEE24-10_000036_det10_tr0002.png,000083\BEE24-10_000036_det10_tr0002.jpg,v1_190,train
000095__BEE24-11_000023_det00_tr0012,000095__BEE24-11_000023_det00_tr0012.jpg,000095__BEE24-11_000023_det00_tr0012.jpg,3360,0.533333,D:\personal_resources\CV_research\boxmot\output\bee_foreground_cvat_200_complete_visible_20260515_01\images\000095__BEE24-11_000023_det00_tr0012.jpg,D:\personal_resources\CV_research\boxmot\output\bee_foreground_manual_dataset_v1\masks_all\000095__BEE24-11_000023_det00_tr0012.png,000095\BEE24-11_000023_det00_tr0012.jpg,v1_190,train
000112__BEE24-14_000184_det07_tr0020,000112__BEE24-14_000184_det07_tr0020.jpg,000112__BEE24-14_000184_det07_tr0020.jpg,2858,0.470995,D:\personal_resources\CV_research\boxmot\output\bee_foreground_cvat_200_complete_visible_20260515_01\images\000112__BEE24-14_000184_det07_tr0020.jpg,D:\personal_resources\CV_research\boxmot\output\bee_foreground_manual_dataset_v1\masks_all\000112__BEE24-14_000184_det07_tr0020.png,000112\BEE24-14_000184_det07_tr0020.jpg,v1_190,train
000121__BEE24-14_000027_det18_tr0009,000121__BEE24-14_000027_det18_tr0009.jpg,000121__BEE24-14_000027_det18_tr0009.jpg,2223,0.513158,D:\personal_resources\CV_research\boxmot\output\bee_foreground_cvat_200_complete_visible_20260515_01\images\000121__BEE24-14_000027_det18_tr0009.jpg,D:\personal_resources\CV_research\boxmot\output\bee_foreground_manual_dataset_v1\masks_all\000121__BEE24-14_000027_det18_tr0009.png,000121\BEE24-14_000027_det18_tr0009.jpg,v1_190,train
000183__BEE24-15_000075_det09_tr0009,000183__BEE24-15_000075_det09_tr0009.jpg,000183__BEE24-15_000075_det09_tr0009.jpg,2080,0.488722,D:\personal_resources\CV_research\boxmot\output\bee_foreground_cvat_200_complete_visible_20260515_01\images\000183__BEE24-15_000075_det09_tr0009.jpg,D:\personal_resources\CV_research\boxmot\output\bee_foreground_manual_dataset_v1\masks_all\000183__BEE24-15_000075_det09_tr0009.png,000183\BEE24-15_000075_det09_tr0009.jpg,v1_190,train
000217__BEE24-17_000003_det02_tr0001,000217__BEE24-17_000003_det02_tr0001.jpg,000217__BEE24-17_000003_det02_tr0001.jpg,3107,0.571981,D:\personal_resources\CV_research\boxmot\output\bee_foreground_cvat_200_complete_visible_20260515_01\images\000217__BEE24-17_000003_det02_tr0001.jpg,D:\personal_resources\CV_research\boxmot\output\bee_foreground_manual_dataset_v1\masks_all\000217__BEE24-17_000003_det02_tr0001.png,000217\BEE24-17_000003_det02_tr0001.jpg,v1_190,train
000225__BEE24-17_000027_det06_tr0002,000225__BEE24-17_000027_det06_tr0002.jpg,000225__BEE24-17_000027_det06_tr0002.jpg,2709,0.456984,D:\personal_resources\CV_research\boxmot\output\bee_foreground_cvat_200_complete_visible_20260515_01\images\000225__BEE24-17_000027_det06_tr0002.jpg,D:\personal_resources\CV_research\boxmot\output\bee_foreground_manual_dataset_v1\masks_all\000225__BEE24-17_000027_det06_tr0002.png,000225\BEE24-17_000027_det06_tr0002.jpg,v1_190,train
000225__BEE24-17_000028_det05_tr0003,000225__BEE24-17_000028_det05_tr0003.jpg,000225__BEE24-17_000028_det05_tr0003.jpg,3066,0.460084,D:\personal_resources\CV_research\boxmot\output\bee_foreground_cvat_200_complete_visible_20260515_01\images\000225__BEE24-17_000028_det05_tr0003.jpg,D:\personal_resources\CV_research\boxmot\output\bee_foreground_manual_dataset_v1\masks_all\000225__BEE24-17_000028_det05_tr0003.png,000225\BEE24-17_000028_det05_tr0003.jpg,v1_190,train
000225__BEE24-17_000030_det05_tr0004,000225__BEE24-17_000030_det05_tr0004.jpg,000225__BEE24-17_000030_det05_tr0004.jpg,2413,0.331638,D:\personal_resources\CV_research\boxmot\output\bee_foreground_cvat_200_complete_visible_20260515_01\images\000225__BEE24-17_000030_det05_tr0004.jpg,D:\personal_resources\CV_research\boxmot\output\bee_foreground_manual_dataset_v1\masks_all\000225__BEE24-17_000030_det05_tr0004.png,000225\BEE24-17_000030_det05_tr0004.jpg,v1_190,train
000228__BEE24-17_000036_det08_tr0000,000228__BEE24-17_000036_det08_tr0000.jpg,000228__BEE24-17_000036_det08_tr0000.jpg,2959,0.493660,D:\personal_resources\CV_research\boxmot\output\bee_foreground_cvat_200_complete_visible_20260515_01\images\000228__BEE24-17_000036_det08_tr0000.jpg,D:\personal_resources\CV_research\boxmot\output\bee_foreground_manual_dataset_v1\masks_all\000228__BEE24-17_000036_det08_tr0000.png,000228\BEE24-17_000036_det08_tr0000.jpg,v1_190,train
000228__BEE24-17_000043_det07_tr0006,000228__BEE24-17_000043_det07_tr0006.jpg,000228__BEE24-17_000043_det07_tr0006.jpg,4081,0.550594,D:\personal_resources\CV_research\boxmot\output\bee_foreground_cvat_200_complete_visible_20260515_01\images\000228__BEE24-17_000043_det07_tr0006.jpg,D:\personal_resources\CV_research\boxmot\output\bee_foreground_manual_dataset_v1\masks_all\000228__BEE24-17_000043_det07_tr0006.png,000228\BEE24-17_000043_det07_tr0006.jpg,v1_190,train
000230__BEE24-17_000066_det05_tr0010,000230__BEE24-17_000066_det05_tr0010.jpg,000230__BEE24-17_000066_det05_tr0010.jpg,2707,0.507309,D:\personal_resources\CV_research\boxmot\output\bee_foreground_cvat_200_complete_visible_20260515_01\images\000230__BEE24-17_000066_det05_tr0010.jpg,D:\personal_resources\CV_research\boxmot\output\bee_foreground_manual_dataset_v1\masks_all\000230__BEE24-17_000066_det05_tr0010.png,000230\BEE24-17_000066_det05_tr0010.jpg,v1_190,train
000248__BEE24-18_000051_det08_tr0021,000248__BEE24-18_000051_det08_tr0021.jpg,000248__BEE24-18_000051_det08_tr0021.jpg,3206,0.434241,D:\personal_resources\CV_research\boxmot\output\bee_foreground_cvat_200_complete_visible_20260515_01\images\000248__BEE24-18_000051_det08_tr0021.jpg,D:\personal_resources\CV_research\boxmot\output\bee_foreground_manual_dataset_v1\masks_all\000248__BEE24-18_000051_det08_tr0021.png,000248\BEE24-18_000051_det08_tr0021.jpg,v1_190,train
000249__BEE24-18_000037_det09_tr0010,000249__BEE24-18_000037_det09_tr0010.jpg,000249__BEE24-18_000037_det09_tr0010.jpg,5130,0.479439,D:\personal_resources\CV_research\boxmot\output\bee_foreground_cvat_200_complete_visible_20260515_01\images\000249__BEE24-18_000037_det09_tr0010.jpg,D:\personal_resources\CV_research\boxmot\output\bee_foreground_manual_dataset_v1\masks_all\000249__BEE24-18_000037_det09_tr0010.png,000249\BEE24-18_000037_det09_tr0010.jpg,v1_190,train
000257__BEE24-19_000041_det00_tr0022,000257__BEE24-19_000041_det00_tr0022.jpg,000257__BEE24-19_000041_det00_tr0022.jpg,2842,0.564785,D:\personal_resources\CV_research\boxmot\output\bee_foreground_cvat_200_complete_visible_20260515_01\images\000257__BEE24-19_000041_det00_tr0022.jpg,D:\personal_resources\CV_research\boxmot\output\bee_foreground_manual_dataset_v1\masks_all\000257__BEE24-19_000041_det00_tr0022.png,000257\BEE24-19_000041_det00_tr0022.jpg,v1_190,train
000259__BEE24-19_000011_det02_tr0008,000259__BEE24-19_000011_det02_tr0008.jpg,000259__BEE24-19_000011_det02_tr0008.jpg,3132,0.460588,D:\personal_resources\CV_research\boxmot\output\bee_foreground_cvat_200_complete_visible_20260515_01\images\000259__BEE24-19_000011_det02_tr0008.jpg,D:\personal_resources\CV_research\boxmot\output\bee_foreground_manual_dataset_v1\masks_all\000259__BEE24-19_000011_det02_tr0008.png,000259\BEE24-19_000011_det02_tr0008.jpg,v1_190,train
000262__BEE24-19_000026_det04_tr0021,000262__BEE24-19_000026_det04_tr0021.jpg,000262__BEE24-19_000026_det04_tr0021.jpg,3596,0.611565,D:\personal_resources\CV_research\boxmot\output\bee_foreground_cvat_200_complete_visible_20260515_01\images\000262__BEE24-19_000026_det04_tr0021.jpg,D:\personal_resources\CV_research\boxmot\output\bee_foreground_manual_dataset_v1\masks_all\000262__BEE24-19_000026_det04_tr0021.png,000262\BEE24-19_000026_det04_tr0021.jpg,v1_190,train
000266__BEE24-19_000057_det02_tr0026,000266__BEE24-19_000057_det02_tr0026.jpg,000266__BEE24-19_000057_det02_tr0026.jpg,3519,0.404483,D:\personal_resources\CV_research\boxmot\output\bee_foreground_cvat_200_complete_visible_20260515_01\images\000266__BEE24-19_000057_det02_tr0026.jpg,D:\personal_resources\CV_research\boxmot\output\bee_foreground_manual_dataset_v1\masks_all\000266__BEE24-19_000057_det02_tr0026.png,000266\BEE24-19_000057_det02_tr0026.jpg,v1_190,train
000266__BEE24-19_000073_det01_tr0039,000266__BEE24-19_000073_det01_tr0039.jpg,000266__BEE24-19_000073_det01_tr0039.jpg,2490,0.491803,D:\personal_resources\CV_research\boxmot\output\bee_foreground_cvat_200_complete_visible_20260515_01\images\000266__BEE24-19_000073_det01_tr0039.jpg,D:\personal_resources\CV_research\boxmot\output\bee_foreground_manual_dataset_v1\masks_all\000266__BEE24-19_000073_det01_tr0039.png,000266\BEE24-19_000073_det01_tr0039.jpg,v1_190,train
000269__BEE24-19_000050_det04_tr0008,000269__BEE24-19_000050_det04_tr0008.jpg,000269__BEE24-19_000050_det04_tr0008.jpg,3083,0.653178,D:\personal_resources\CV_research\boxmot\output\bee_foreground_cvat_200_complete_visible_20260515_01\images\000269__BEE24-19_000050_det04_tr0008.jpg,D:\personal_resources\CV_research\boxmot\output\bee_foreground_manual_dataset_v1\masks_all\000269__BEE24-19_000050_det04_tr0008.png,000269\BEE24-19_000050_det04_tr0008.jpg,v1_190,train
000277__BEE24-20_000020_det02_tr0015,000277__BEE24-20_000020_det02_tr0015.jpg,000277__BEE24-20_000020_det02_tr0015.jpg,3496,0.607894,D:\personal_resources\CV_research\boxmot\output\bee_foreground_cvat_200_complete_visible_20260515_01\images\000277__BEE24-20_000020_det02_tr0015.jpg,D:\personal_resources\CV_research\boxmot\output\bee_foreground_manual_dataset_v1\masks_all\000277__BEE24-20_000020_det02_tr0015.png,000277\BEE24-20_000020_det02_tr0015.jpg,v1_190,train
000281__BEE24-20_000011_det06_tr0005,000281__BEE24-20_000011_det06_tr0005.jpg,000281__BEE24-20_000011_det06_tr0005.jpg,2685,0.591931,D:\personal_resources\CV_research\boxmot\output\bee_foreground_cvat_200_complete_visible_20260515_01\images\000281__BEE24-20_000011_det06_tr0005.jpg,D:\personal_resources\CV_research\boxmot\output\bee_foreground_manual_dataset_v1\masks_all\000281__BEE24-20_000011_det06_tr0005.png,000281\BEE24-20_000011_det06_tr0005.jpg,v1_190,train
000282__BEE24-20_000016_det07_tr0005,000282__BEE24-20_000016_det07_tr0005.jpg,000282__BEE24-20_000016_det07_tr0005.jpg,2951,0.462902,D:\personal_resources\CV_research\boxmot\output\bee_foreground_cvat_200_complete_visible_20260515_01\images\000282__BEE24-20_000016_det07_tr0005.jpg,D:\personal_resources\CV_research\boxmot\output\bee_foreground_manual_dataset_v1\masks_all\000282__BEE24-20_000016_det07_tr0005.png,000282\BEE24-20_000016_det07_tr0005.jpg,v1_190,train
000284__BEE24-20_000039_det06_tr0010,000284__BEE24-20_000039_det06_tr0010.jpg,000284__BEE24-20_000039_det06_tr0010.jpg,4486,0.457288,D:\personal_resources\CV_research\boxmot\output\bee_foreground_cvat_200_complete_visible_20260515_01\images\000284__BEE24-20_000039_det06_tr0010.jpg,D:\personal_resources\CV_research\boxmot\output\bee_foreground_manual_dataset_v1\masks_all\000284__BEE24-20_000039_det06_tr0010.png,000284\BEE24-20_000039_det06_tr0010.jpg,v1_190,train
000291__BEE24-21_000050_det00_tr0026,000291__BEE24-21_000050_det00_tr0026.jpg,000291__BEE24-21_000050_det00_tr0026.jpg,2586,0.536960,D:\personal_resources\CV_research\boxmot\output\bee_foreground_cvat_200_complete_visible_20260515_01\images\000291__BEE24-21_000050_det00_tr0026.jpg,D:\personal_resources\CV_research\boxmot\output\bee_foreground_manual_dataset_v1\masks_all\000291__BEE24-21_000050_det00_tr0026.png,000291\BEE24-21_000050_det00_tr0026.jpg,v1_190,train
000296__BEE24-21_000022_det04_tr0011,000296__BEE24-21_000022_det04_tr0011.jpg,000296__BEE24-21_000022_det04_tr0011.jpg,3320,0.520050,D:\personal_resources\CV_research\boxmot\output\bee_foreground_cvat_200_complete_visible_20260515_01\images\000296__BEE24-21_000022_det04_tr0011.jpg,D:\personal_resources\CV_research\boxmot\output\bee_foreground_manual_dataset_v1\masks_all\000296__BEE24-21_000022_det04_tr0011.png,000296\BEE24-21_000022_det04_tr0011.jpg,v1_190,train
000297__BEE24-21_000020_det06_tr0009,000297__BEE24-21_000020_det06_tr0009.jpg,000297__BEE24-21_000020_det06_tr0009.jpg,2469,0.445346,D:\personal_resources\CV_research\boxmot\output\bee_foreground_cvat_200_complete_visible_20260515_01\images\000297__BEE24-21_000020_det06_tr0009.jpg,D:\personal_resources\CV_research\boxmot\output\bee_foreground_manual_dataset_v1\masks_all\000297__BEE24-21_000020_det06_tr0009.png,000297\BEE24-21_000020_det06_tr0009.jpg,v1_190,train
000301__BEE24-21_000047_det07_tr0004,000301__BEE24-21_000047_det07_tr0004.jpg,000301__BEE24-21_000047_det07_tr0004.jpg,2956,0.437408,D:\personal_resources\CV_research\boxmot\output\bee_foreground_cvat_200_complete_visible_20260515_01\images\000301__BEE24-21_000047_det07_tr0004.jpg,D:\personal_resources\CV_research\boxmot\output\bee_foreground_manual_dataset_v1\masks_all\000301__BEE24-21_000047_det07_tr0004.png,000301\BEE24-21_000047_det07_tr0004.jpg,v1_190,train
000301__BEE24-21_000048_det07_tr0005,000301__BEE24-21_000048_det07_tr0005.jpg,000301__BEE24-21_000048_det07_tr0005.jpg,2859,0.483266,D:\personal_resources\CV_research\boxmot\output\bee_foreground_cvat_200_complete_visible_20260515_01\images\000301__BEE24-21_000048_det07_tr0005.jpg,D:\personal_resources\CV_research\boxmot\output\bee_foreground_manual_dataset_v1\masks_all\000301__BEE24-21_000048_det07_tr0005.png,000301\BEE24-21_000048_det07_tr0005.jpg,v1_190,train
000301__BEE24-21_000071_det04_tr0024,000301__BEE24-21_000071_det04_tr0024.jpg,000301__BEE24-21_000071_det04_tr0024.jpg,2415,0.500000,D:\personal_resources\CV_research\boxmot\output\bee_foreground_cvat_200_complete_visible_20260515_01\images\000301__BEE24-21_000071_det04_tr0024.jpg,D:\personal_resources\CV_research\boxmot\output\bee_foreground_manual_dataset_v1\masks_all\000301__BEE24-21_000071_det04_tr0024.png,000301\BEE24-21_000071_det04_tr0024.jpg,v1_190,train
000302__BEE24-21_000048_det08_tr0005,000302__BEE24-21_000048_det08_tr0005.jpg,000302__BEE24-21_000048_det08_tr0005.jpg,3220,0.407286,D:\personal_resources\CV_research\boxmot\output\bee_foreground_cvat_200_complete_visible_20260515_01\images\000302__BEE24-21_000048_det08_tr0005.jpg,D:\personal_resources\CV_research\boxmot\output\bee_foreground_manual_dataset_v1\masks_all\000302__BEE24-21_000048_det08_tr0005.png,000302\BEE24-21_000048_det08_tr0005.jpg,v1_190,train
000316__BEE24-22_000016_det09_tr0000,000316__BEE24-22_000016_det09_tr0000.jpg,000316__BEE24-22_000016_det09_tr0000.jpg,2805,0.505952,D:\personal_resources\CV_research\boxmot\output\bee_foreground_cvat_200_complete_visible_20260515_01\images\000316__BEE24-22_000016_det09_tr0000.jpg,D:\personal_resources\CV_research\boxmot\output\bee_foreground_manual_dataset_v1\masks_all\000316__BEE24-22_000016_det09_tr0000.png,000316\BEE24-22_000016_det09_tr0000.jpg,v1_190,train
000338__BEE24-23_000022_det03_tr0008,000338__BEE24-23_000022_det03_tr0008.jpg,000338__BEE24-23_000022_det03_tr0008.jpg,3745,0.614035,D:\personal_resources\CV_research\boxmot\output\bee_foreground_cvat_200_complete_visible_20260515_01\images\000338__BEE24-23_000022_det03_tr0008.jpg,D:\personal_resources\CV_research\boxmot\output\bee_foreground_manual_dataset_v1\masks_all\000338__BEE24-23_000022_det03_tr0008.png,000338\BEE24-23_000022_det03_tr0008.jpg,v1_190,train
000343__BEE24-23_000040_det03_tr0016,000343__BEE24-23_000040_det03_tr0016.jpg,000343__BEE24-23_000040_det03_tr0016.jpg,3496,0.524610,D:\personal_resources\CV_research\boxmot\output\bee_foreground_cvat_200_complete_visible_20260515_01\images\000343__BEE24-23_000040_det03_tr0016.jpg,D:\personal_resources\CV_research\boxmot\output\bee_foreground_manual_dataset_v1\masks_all\000343__BEE24-23_000040_det03_tr0016.png,000343\BEE24-23_000040_det03_tr0016.jpg,v1_190,train
000350__BEE24-23_000060_det04_tr0009,000350__BEE24-23_000060_det04_tr0009.jpg,000350__BEE24-23_000060_det04_tr0009.jpg,4166,0.442815,D:\personal_resources\CV_research\boxmot\output\bee_foreground_cvat_200_complete_visible_20260515_01\images\000350__BEE24-23_000060_det04_tr0009.jpg,D:\personal_resources\CV_research\boxmot\output\bee_foreground_manual_dataset_v1\masks_all\000350__BEE24-23_000060_det04_tr0009.png,000350\BEE24-23_000060_det04_tr0009.jpg,v1_190,train
000358__BEE24-24_000004_det02_tr0002,000358__BEE24-24_000004_det02_tr0002.jpg,000358__BEE24-24_000004_det02_tr0002.jpg,2778,0.539627,D:\personal_resources\CV_research\boxmot\output\bee_foreground_cvat_200_complete_visible_20260515_01\images\000358__BEE24-24_000004_det02_tr0002.jpg,D:\personal_resources\CV_research\boxmot\output\bee_foreground_manual_dataset_v1\masks_all\000358__BEE24-24_000004_det02_tr0002.png,000358\BEE24-24_000004_det02_tr0002.jpg,v1_190,train
000365__BEE24-24_000047_det03_tr0025,000365__BEE24-24_000047_det03_tr0025.jpg,000365__BEE24-24_000047_det03_tr0025.jpg,3823,0.503026,D:\personal_resources\CV_research\boxmot\output\bee_foreground_cvat_200_complete_visible_20260515_01\images\000365__BEE24-24_000047_det03_tr0025.jpg,D:\personal_resources\CV_research\boxmot\output\bee_foreground_manual_dataset_v1\masks_all\000365__BEE24-24_000047_det03_tr0025.png,000365\BEE24-24_000047_det03_tr0025.jpg,v1_190,train
000366__BEE24-24_000011_det09_tr0008,000366__BEE24-24_000011_det09_tr0008.jpg,000366__BEE24-24_000011_det09_tr0008.jpg,2850,0.403568,D:\personal_resources\CV_research\boxmot\output\bee_foreground_cvat_200_complete_visible_20260515_01\images\000366__BEE24-24_000011_det09_tr0008.jpg,D:\personal_resources\CV_research\boxmot\output\bee_foreground_manual_dataset_v1\masks_all\000366__BEE24-24_000011_det09_tr0008.png,000366\BEE24-24_000011_det09_tr0008.jpg,v1_190,train
000391__BEE24-25_000070_det02_tr0037,000391__BEE24-25_000070_det02_tr0037.jpg,000391__BEE24-25_000070_det02_tr0037.jpg,3207,0.521463,D:\personal_resources\CV_research\boxmot\output\bee_foreground_cvat_200_complete_visible_20260515_01\images\000391__BEE24-25_000070_det02_tr0037.jpg,D:\personal_resources\CV_research\boxmot\output\bee_foreground_manual_dataset_v1\masks_all\000391__BEE24-25_000070_det02_tr0037.png,000391\BEE24-25_000070_det02_tr0037.jpg,v1_190,train
000395__BEE24-25_000016_det12_tr0008,000395__BEE24-25_000016_det12_tr0008.jpg,000395__BEE24-25_000016_det12_tr0008.jpg,2770,0.494643,D:\personal_resources\CV_research\boxmot\output\bee_foreground_cvat_200_complete_visible_20260515_01\images\000395__BEE24-25_000016_det12_tr0008.jpg,D:\personal_resources\CV_research\boxmot\output\bee_foreground_manual_dataset_v1\masks_all\000395__BEE24-25_000016_det12_tr0008.png,000395\BEE24-25_000016_det12_tr0008.jpg,v1_190,train
000405__BEE24-26_000037_det01_tr0029,000405__BEE24-26_000037_det01_tr0029.jpg,000405__BEE24-26_000037_det01_tr0029.jpg,3481,0.631990,D:\personal_resources\CV_research\boxmot\output\bee_foreground_cvat_200_complete_visible_20260515_01\images\000405__BEE24-26_000037_det01_tr0029.jpg,D:\personal_resources\CV_research\boxmot\output\bee_foreground_manual_dataset_v1\masks_all\000405__BEE24-26_000037_det01_tr0029.png,000405\BEE24-26_000037_det01_tr0029.jpg,v1_190,train
000406__BEE24-26_000026_det02_tr0013,000406__BEE24-26_000026_det02_tr0013.jpg,000406__BEE24-26_000026_det02_tr0013.jpg,2274,0.457545,D:\personal_resources\CV_research\boxmot\output\bee_foreground_cvat_200_complete_visible_20260515_01\images\000406__BEE24-26_000026_det02_tr0013.jpg,D:\personal_resources\CV_research\boxmot\output\bee_foreground_manual_dataset_v1\masks_all\000406__BEE24-26_000026_det02_tr0013.png,000406\BEE24-26_000026_det02_tr0013.jpg,v1_190,train
000410__BEE24-26_000004_det10_tr0002,000410__BEE24-26_000004_det10_tr0002.jpg,000410__BEE24-26_000004_det10_tr0002.jpg,2802,0.606494,D:\personal_resources\CV_research\boxmot\output\bee_foreground_cvat_200_complete_visible_20260515_01\images\000410__BEE24-26_000004_det10_tr0002.jpg,D:\personal_resources\CV_research\boxmot\output\bee_foreground_manual_dataset_v1\masks_all\000410__BEE24-26_000004_det10_tr0002.png,000410\BEE24-26_000004_det10_tr0002.jpg,v1_190,train
000429__BEE24-27_000009_det03_tr0005,000429__BEE24-27_000009_det03_tr0005.jpg,000429__BEE24-27_000009_det03_tr0005.jpg,2807,0.537739,D:\personal_resources\CV_research\boxmot\output\bee_foreground_cvat_200_complete_visible_20260515_01\images\000429__BEE24-27_000009_det03_tr0005.jpg,D:\personal_resources\CV_research\boxmot\output\bee_foreground_manual_dataset_v1\masks_all\000429__BEE24-27_000009_det03_tr0005.png,000429\BEE24-27_000009_det03_tr0005.jpg,v1_190,train
000439__BEE24-27_000053_det07_tr0025,000439__BEE24-27_000053_det07_tr0025.jpg,000439__BEE24-27_000053_det07_tr0025.jpg,2416,0.462835,D:\personal_resources\CV_research\boxmot\output\bee_foreground_cvat_200_complete_visible_20260515_01\images\000439__BEE24-27_000053_det07_tr0025.jpg,D:\personal_resources\CV_research\boxmot\output\bee_foreground_manual_dataset_v1\masks_all\000439__BEE24-27_000053_det07_tr0025.png,000439\BEE24-27_000053_det07_tr0025.jpg,v1_190,train
000441__BEE24-27_000049_det10_tr0015,000441__BEE24-27_000049_det10_tr0015.jpg,000441__BEE24-27_000049_det10_tr0015.jpg,3215,0.675704,D:\personal_resources\CV_research\boxmot\output\bee_foreground_cvat_200_complete_visible_20260515_01\images\000441__BEE24-27_000049_det10_tr0015.jpg,D:\personal_resources\CV_research\boxmot\output\bee_foreground_manual_dataset_v1\masks_all\000441__BEE24-27_000049_det10_tr0015.png,000441\BEE24-27_000049_det10_tr0015.jpg,v1_190,train
000469__BEE24-29_000003_det00_tr0001,000469__BEE24-29_000003_det00_tr0001.jpg,000469__BEE24-29_000003_det00_tr0001.jpg,4113,0.411959,D:\personal_resources\CV_research\boxmot\output\bee_foreground_cvat_200_complete_visible_20260515_01\images\000469__BEE24-29_000003_det00_tr0001.jpg,D:\personal_resources\CV_research\boxmot\output\bee_foreground_manual_dataset_v1\masks_all\000469__BEE24-29_000003_det00_tr0001.png,000469\BEE24-29_000003_det00_tr0001.jpg,v1_190,train
000469__BEE24-29_000006_det00_tr0004,000469__BEE24-29_000006_det00_tr0004.jpg,000469__BEE24-29_000006_det00_tr0004.jpg,4631,0.507785,D:\personal_resources\CV_research\boxmot\output\bee_foreground_cvat_200_complete_visible_20260515_01\images\000469__BEE24-29_000006_det00_tr0004.jpg,D:\personal_resources\CV_research\boxmot\output\bee_foreground_manual_dataset_v1\masks_all\000469__BEE24-29_000006_det00_tr0004.png,000469\BEE24-29_000006_det00_tr0004.jpg,v1_190,train
000469__BEE24-29_000008_det00_tr0006,000469__BEE24-29_000008_det00_tr0006.jpg,000469__BEE24-29_000008_det00_tr0006.jpg,4120,0.420752,D:\personal_resources\CV_research\boxmot\output\bee_foreground_cvat_200_complete_visible_20260515_01\images\000469__BEE24-29_000008_det00_tr0006.jpg,D:\personal_resources\CV_research\boxmot\output\bee_foreground_manual_dataset_v1\masks_all\000469__BEE24-29_000008_det00_tr0006.png,000469\BEE24-29_000008_det00_tr0006.jpg,v1_190,train
000470__BEE24-29_000011_det01_tr0006,000470__BEE24-29_000011_det01_tr0006.jpg,000470__BEE24-29_000011_det01_tr0006.jpg,2287,0.330874,D:\personal_resources\CV_research\boxmot\output\bee_foreground_cvat_200_complete_visible_20260515_01\images\000470__BEE24-29_000011_det01_tr0006.jpg,D:\personal_resources\CV_research\boxmot\output\bee_foreground_manual_dataset_v1\masks_all\000470__BEE24-29_000011_det01_tr0006.png,000470\BEE24-29_000011_det01_tr0006.jpg,v1_190,train
000475__BEE24-29_000055_det04_tr0009,000475__BEE24-29_000055_det04_tr0009.jpg,000475__BEE24-29_000055_det04_tr0009.jpg,3528,0.439681,D:\personal_resources\CV_research\boxmot\output\bee_foreground_cvat_200_complete_visible_20260515_01\images\000475__BEE24-29_000055_det04_tr0009.jpg,D:\personal_resources\CV_research\boxmot\output\bee_foreground_manual_dataset_v1\masks_all\000475__BEE24-29_000055_det04_tr0009.png,000475\BEE24-29_000055_det04_tr0009.jpg,v1_190,train
000481__BEE24-30_000050_det00_tr0026,000481__BEE24-30_000050_det00_tr0026.jpg,000481__BEE24-30_000050_det00_tr0026.jpg,2547,0.320377,D:\personal_resources\CV_research\boxmot\output\bee_foreground_cvat_200_complete_visible_20260515_01\images\000481__BEE24-30_000050_det00_tr0026.jpg,D:\personal_resources\CV_research\boxmot\output\bee_foreground_manual_dataset_v1\masks_all\000481__BEE24-30_000050_det00_tr0026.png,000481\BEE24-30_000050_det00_tr0026.jpg,v1_190,train
000486__BEE24-30_000025_det05_tr0000,000486__BEE24-30_000025_det05_tr0000.jpg,000486__BEE24-30_000025_det05_tr0000.jpg,2774,0.372449,D:\personal_resources\CV_research\boxmot\output\bee_foreground_cvat_200_complete_visible_20260515_01\images\000486__BEE24-30_000025_det05_tr0000.jpg,D:\personal_resources\CV_research\boxmot\output\bee_foreground_manual_dataset_v1\masks_all\000486__BEE24-30_000025_det05_tr0000.png,000486\BEE24-30_000025_det05_tr0000.jpg,v1_190,train
000486__BEE24-30_000042_det03_tr0014,000486__BEE24-30_000042_det03_tr0014.jpg,000486__BEE24-30_000042_det03_tr0014.jpg,2773,0.385139,D:\personal_resources\CV_research\boxmot\output\bee_foreground_cvat_200_complete_visible_20260515_01\images\000486__BEE24-30_000042_det03_tr0014.jpg,D:\personal_resources\CV_research\boxmot\output\bee_foreground_manual_dataset_v1\masks_all\000486__BEE24-30_000042_det03_tr0014.png,000486\BEE24-30_000042_det03_tr0014.jpg,v1_190,train
000488__BEE24-31_000043_det00_tr0022,000488__BEE24-31_000043_det00_tr0022.jpg,000488__BEE24-31_000043_det00_tr0022.jpg,3767,0.396359,D:\personal_resources\CV_research\boxmot\output\bee_foreground_cvat_200_complete_visible_20260515_01\images\000488__BEE24-31_000043_det00_tr0022.jpg,D:\personal_resources\CV_research\boxmot\output\bee_foreground_manual_dataset_v1\masks_all\000488__BEE24-31_000043_det00_tr0022.png,000488\BEE24-31_000043_det00_tr0022.jpg,v1_190,train
000488__BEE24-31_000044_det00_tr0023,000488__BEE24-31_000044_det00_tr0023.jpg,000488__BEE24-31_000044_det00_tr0023.jpg,3876,0.490385,D:\personal_resources\CV_research\boxmot\output\bee_foreground_cvat_200_complete_visible_20260515_01\images\000488__BEE24-31_000044_det00_tr0023.jpg,D:\personal_resources\CV_research\boxmot\output\bee_foreground_manual_dataset_v1\masks_all\000488__BEE24-31_000044_det00_tr0023.png,000488\BEE24-31_000044_det00_tr0023.jpg,v1_190,train
000489__BEE24-31_000014_det01_tr0010,000489__BEE24-31_000014_det01_tr0010.jpg,000489__BEE24-31_000014_det01_tr0010.jpg,4326,0.459773,D:\personal_resources\CV_research\boxmot\output\bee_foreground_cvat_200_complete_visible_20260515_01\images\000489__BEE24-31_000014_det01_tr0010.jpg,D:\personal_resources\CV_research\boxmot\output\bee_foreground_manual_dataset_v1\masks_all\000489__BEE24-31_000014_det01_tr0010.png,000489\BEE24-31_000014_det01_tr0010.jpg,v1_190,train
000489__BEE24-31_000016_det01_tr0012,000489__BEE24-31_000016_det01_tr0012.jpg,000489__BEE24-31_000016_det01_tr0012.jpg,3702,0.385464,D:\personal_resources\CV_research\boxmot\output\bee_foreground_cvat_200_complete_visible_20260515_01\images\000489__BEE24-31_000016_det01_tr0012.jpg,D:\personal_resources\CV_research\boxmot\output\bee_foreground_manual_dataset_v1\masks_all\000489__BEE24-31_000016_det01_tr0012.png,000489\BEE24-31_000016_det01_tr0012.jpg,v1_190,train
000491__BEE24-31_000033_det02_tr0022,000491__BEE24-31_000033_det02_tr0022.jpg,000491__BEE24-31_000033_det02_tr0022.jpg,4829,0.451266,D:\personal_resources\CV_research\boxmot\output\bee_foreground_cvat_200_complete_visible_20260515_01\images\000491__BEE24-31_000033_det02_tr0022.jpg,D:\personal_resources\CV_research\boxmot\output\bee_foreground_manual_dataset_v1\masks_all\000491__BEE24-31_000033_det02_tr0022.png,000491\BEE24-31_000033_det02_tr0022.jpg,v1_190,train
000492__BEE24-31_000011_det04_tr0008,000492__BEE24-31_000011_det04_tr0008.jpg,000492__BEE24-31_000011_det04_tr0008.jpg,3462,0.386384,D:\personal_resources\CV_research\boxmot\output\bee_foreground_cvat_200_complete_visible_20260515_01\images\000492__BEE24-31_000011_det04_tr0008.jpg,D:\personal_resources\CV_research\boxmot\output\bee_foreground_manual_dataset_v1\masks_all\000492__BEE24-31_000011_det04_tr0008.png,000492\BEE24-31_000011_det04_tr0008.jpg,v1_190,train
000492__BEE24-31_000014_det04_tr0010,000492__BEE24-31_000014_det04_tr0010.jpg,000492__BEE24-31_000014_det04_tr0010.jpg,3990,0.445312,D:\personal_resources\CV_research\boxmot\output\bee_foreground_cvat_200_complete_visible_20260515_01\images\000492__BEE24-31_000014_det04_tr0010.jpg,D:\personal_resources\CV_research\boxmot\output\bee_foreground_manual_dataset_v1\masks_all\000492__BEE24-31_000014_det04_tr0010.png,000492\BEE24-31_000014_det04_tr0010.jpg,v1_190,train
000492__BEE24-31_000029_det03_tr0023,000492__BEE24-31_000029_det03_tr0023.jpg,000492__BEE24-31_000029_det03_tr0023.jpg,3533,0.491240,D:\personal_resources\CV_research\boxmot\output\bee_foreground_cvat_200_complete_visible_20260515_01\images\000492__BEE24-31_000029_det03_tr0023.jpg,D:\personal_resources\CV_research\boxmot\output\bee_foreground_manual_dataset_v1\masks_all\000492__BEE24-31_000029_det03_tr0023.png,000492\BEE24-31_000029_det03_tr0023.jpg,v1_190,train
000493__BEE24-31_000006_det05_tr0004,000493__BEE24-31_000006_det05_tr0004.jpg,000493__BEE24-31_000006_det05_tr0004.jpg,4374,0.487734,D:\personal_resources\CV_research\boxmot\output\bee_foreground_cvat_200_complete_visible_20260515_01\images\000493__BEE24-31_000006_det05_tr0004.jpg,D:\personal_resources\CV_research\boxmot\output\bee_foreground_manual_dataset_v1\masks_all\000493__BEE24-31_000006_det05_tr0004.png,000493\BEE24-31_000006_det05_tr0004.jpg,v1_190,train
000493__BEE24-31_000009_det05_tr0006,000493__BEE24-31_000009_det05_tr0006.jpg,000493__BEE24-31_000009_det05_tr0006.jpg,4539,0.449050,D:\personal_resources\CV_research\boxmot\output\bee_foreground_cvat_200_complete_visible_20260515_01\images\000493__BEE24-31_000009_det05_tr0006.jpg,D:\personal_resources\CV_research\boxmot\output\bee_foreground_manual_dataset_v1\masks_all\000493__BEE24-31_000009_det05_tr0006.png,000493\BEE24-31_000009_det05_tr0006.jpg,v1_190,train
000494__BEE24-31_000017_det05_tr0008,000494__BEE24-31_000017_det05_tr0008.jpg,000494__BEE24-31_000017_det05_tr0008.jpg,3975,0.394580,D:\personal_resources\CV_research\boxmot\output\bee_foreground_cvat_200_complete_visible_20260515_01\images\000494__BEE24-31_000017_det05_tr0008.jpg,D:\personal_resources\CV_research\boxmot\output\bee_foreground_manual_dataset_v1\masks_all\000494__BEE24-31_000017_det05_tr0008.png,000494\BEE24-31_000017_det05_tr0008.jpg,v1_190,train
000495__BEE24-31_000024_det05_tr0011,000495__BEE24-31_000024_det05_tr0011.jpg,000495__BEE24-31_000024_det05_tr0011.jpg,3797,0.371381,D:\personal_resources\CV_research\boxmot\output\bee_foreground_cvat_200_complete_visible_20260515_01\images\000495__BEE24-31_000024_det05_tr0011.jpg,D:\personal_resources\CV_research\boxmot\output\bee_foreground_manual_dataset_v1\masks_all\000495__BEE24-31_000024_det05_tr0011.png,000495\BEE24-31_000024_det05_tr0011.jpg,v1_190,train
000496__BEE24-31_000055_det03_tr0025,000496__BEE24-31_000055_det03_tr0025.jpg,000496__BEE24-31_000055_det03_tr0025.jpg,4149,0.519534,D:\personal_resources\CV_research\boxmot\output\bee_foreground_cvat_200_complete_visible_20260515_01\images\000496__BEE24-31_000055_det03_tr0025.jpg,D:\personal_resources\CV_research\boxmot\output\bee_foreground_manual_dataset_v1\masks_all\000496__BEE24-31_000055_det03_tr0025.png,000496\BEE24-31_000055_det03_tr0025.jpg,v1_190,train
000497__BEE24-31_000026_det07_tr0000,000497__BEE24-31_000026_det07_tr0000.jpg,000497__BEE24-31_000026_det07_tr0000.jpg,2678,0.292039,D:\personal_resources\CV_research\boxmot\output\bee_foreground_cvat_200_complete_visible_20260515_01\images\000497__BEE24-31_000026_det07_tr0000.jpg,D:\personal_resources\CV_research\boxmot\output\bee_foreground_manual_dataset_v1\masks_all\000497__BEE24-31_000026_det07_tr0000.png,000497\BEE24-31_000026_det07_tr0000.jpg,v1_190,train
000497__BEE24-31_000032_det05_tr0005,000497__BEE24-31_000032_det05_tr0005.jpg,000497__BEE24-31_000032_det05_tr0005.jpg,2919,0.370384,D:\personal_resources\CV_research\boxmot\output\bee_foreground_cvat_200_complete_visible_20260515_01\images\000497__BEE24-31_000032_det05_tr0005.jpg,D:\personal_resources\CV_research\boxmot\output\bee_foreground_manual_dataset_v1\masks_all\000497__BEE24-31_000032_det05_tr0005.png,000497\BEE24-31_000032_det05_tr0005.jpg,v1_190,train
000497__BEE24-31_000047_det04_tr0017,000497__BEE24-31_000047_det04_tr0017.jpg,000497__BEE24-31_000047_det04_tr0017.jpg,2921,0.469916,D:\personal_resources\CV_research\boxmot\output\bee_foreground_cvat_200_complete_visible_20260515_01\images\000497__BEE24-31_000047_det04_tr0017.jpg,D:\personal_resources\CV_research\boxmot\output\bee_foreground_manual_dataset_v1\masks_all\000497__BEE24-31_000047_det04_tr0017.png,000497\BEE24-31_000047_det04_tr0017.jpg,v1_190,train
000504__BEE24-32_000035_det01_tr0022,000504__BEE24-32_000035_det01_tr0022.jpg,000504__BEE24-32_000035_det01_tr0022.jpg,2855,0.368292,D:\personal_resources\CV_research\boxmot\output\bee_foreground_cvat_200_complete_visible_20260515_01\images\000504__BEE24-32_000035_det01_tr0022.jpg,D:\personal_resources\CV_research\boxmot\output\bee_foreground_manual_dataset_v1\masks_all\000504__BEE24-32_000035_det01_tr0022.png,000504\BEE24-32_000035_det01_tr0022.jpg,v1_190,train
000504__BEE24-32_000057_det00_tr0036,000504__BEE24-32_000057_det00_tr0036.jpg,000504__BEE24-32_000057_det00_tr0036.jpg,3816,0.473214,D:\personal_resources\CV_research\boxmot\output\bee_foreground_cvat_200_complete_visible_20260515_01\images\000504__BEE24-32_000057_det00_tr0036.jpg,D:\personal_resources\CV_research\boxmot\output\bee_foreground_manual_dataset_v1\masks_all\000504__BEE24-32_000057_det00_tr0036.png,000504\BEE24-32_000057_det00_tr0036.jpg,v1_190,train
000507__BEE24-32_000011_det04_tr0005,000507__BEE24-32_000011_det04_tr0005.jpg,000507__BEE24-32_000011_det04_tr0005.jpg,3488,0.349359,D:\personal_resources\CV_research\boxmot\output\bee_foreground_cvat_200_complete_visible_20260515_01\images\000507__BEE24-32_000011_det04_tr0005.jpg,D:\personal_resources\CV_research\boxmot\output\bee_foreground_manual_dataset_v1\masks_all\000507__BEE24-32_000011_det04_tr0005.png,000507\BEE24-32_000011_det04_tr0005.jpg,v1_190,train
000507__BEE24-32_000028_det04_tr0014,000507__BEE24-32_000028_det04_tr0014.jpg,000507__BEE24-32_000028_det04_tr0014.jpg,4331,0.437475,D:\personal_resources\CV_research\boxmot\output\bee_foreground_cvat_200_complete_visible_20260515_01\images\000507__BEE24-32_000028_det04_tr0014.jpg,D:\personal_resources\CV_research\boxmot\output\bee_foreground_manual_dataset_v1\masks_all\000507__BEE24-32_000028_det04_tr0014.png,000507\BEE24-32_000028_det04_tr0014.jpg,v1_190,train
000508__BEE24-32_000034_det05_tr0017,000508__BEE24-32_000034_det05_tr0017.jpg,000508__BEE24-32_000034_det05_tr0017.jpg,3617,0.402963,D:\personal_resources\CV_research\boxmot\output\bee_foreground_cvat_200_complete_visible_20260515_01\images\000508__BEE24-32_000034_det05_tr0017.jpg,D:\personal_resources\CV_research\boxmot\output\bee_foreground_manual_dataset_v1\masks_all\000508__BEE24-32_000034_det05_tr0017.png,000508\BEE24-32_000034_det05_tr0017.jpg,v1_190,train
000508__BEE24-32_000055_det04_tr0029,000508__BEE24-32_000055_det04_tr0029.jpg,000508__BEE24-32_000055_det04_tr0029.jpg,3478,0.440923,D:\personal_resources\CV_research\boxmot\output\bee_foreground_cvat_200_complete_visible_20260515_01\images\000508__BEE24-32_000055_det04_tr0029.jpg,D:\personal_resources\CV_research\boxmot\output\bee_foreground_manual_dataset_v1\masks_all\000508__BEE24-32_000055_det04_tr0029.png,000508\BEE24-32_000055_det04_tr0029.jpg,v1_190,train
000509__BEE24-32_000050_det05_tr0026,000509__BEE24-32_000050_det05_tr0026.jpg,000509__BEE24-32_000050_det05_tr0026.jpg,4471,0.422430,D:\personal_resources\CV_research\boxmot\output\bee_foreground_cvat_200_complete_visible_20260515_01\images\000509__BEE24-32_000050_det05_tr0026.jpg,D:\personal_resources\CV_research\boxmot\output\bee_foreground_manual_dataset_v1\masks_all\000509__BEE24-32_000050_det05_tr0026.png,000509\BEE24-32_000050_det05_tr0026.jpg,v1_190,train
000509__BEE24-32_000052_det05_tr0027,000509__BEE24-32_000052_det05_tr0027.jpg,000509__BEE24-32_000052_det05_tr0027.jpg,4475,0.364800,D:\personal_resources\CV_research\boxmot\output\bee_foreground_cvat_200_complete_visible_20260515_01\images\000509__BEE24-32_000052_det05_tr0027.jpg,D:\personal_resources\CV_research\boxmot\output\bee_foreground_manual_dataset_v1\masks_all\000509__BEE24-32_000052_det05_tr0027.png,000509\BEE24-32_000052_det05_tr0027.jpg,v1_190,train
000511__BEE24-32_000050_det06_tr0004,000511__BEE24-32_000050_det06_tr0004.jpg,000511__BEE24-32_000050_det06_tr0004.jpg,4001,0.339298,D:\personal_resources\CV_research\boxmot\output\bee_foreground_cvat_200_complete_visible_20260515_01\images\000511__BEE24-32_000050_det06_tr0004.jpg,D:\personal_resources\CV_research\boxmot\output\bee_foreground_manual_dataset_v1\masks_all\000511__BEE24-32_000050_det06_tr0004.png,000511\BEE24-32_000050_det06_tr0004.jpg,v1_190,train
001717__BEE24-33_004768_det31_tr0015,001717__BEE24-33_004768_det31_tr0015.jpg,001717__BEE24-33_004768_det31_tr0015.jpg,1646,0.481850,D:\personal_resources\CV_research\boxmot\output\bee_foreground_cvat_200_complete_visible_20260515_01\images\001717__BEE24-33_004768_det31_tr0015.jpg,D:\personal_resources\CV_research\boxmot\output\bee_foreground_manual_dataset_v1\masks_all\001717__BEE24-33_004768_det31_tr0015.png,001717\BEE24-33_004768_det31_tr0015.jpg,v1_190,train
001974__BEE24-35_000214_det10_tr0014,001974__BEE24-35_000214_det10_tr0014.jpg,001974__BEE24-35_000214_det10_tr0014.jpg,3218,0.452984,D:\personal_resources\CV_research\boxmot\output\bee_foreground_cvat_200_complete_visible_20260515_01\images\001974__BEE24-35_000214_det10_tr0014.jpg,D:\personal_resources\CV_research\boxmot\output\bee_foreground_manual_dataset_v1\masks_all\001974__BEE24-35_000214_det10_tr0014.png,001974\BEE24-35_000214_det10_tr0014.jpg,v1_190,train
001976__BEE24-35_000717_det07_tr0004,001976__BEE24-35_000717_det07_tr0004.jpg,001976__BEE24-35_000717_det07_tr0004.jpg,2525,0.342512,D:\personal_resources\CV_research\boxmot\output\bee_foreground_cvat_200_complete_visible_20260515_01\images\001976__BEE24-35_000717_det07_tr0004.jpg,D:\personal_resources\CV_research\boxmot\output\bee_foreground_manual_dataset_v1\masks_all\001976__BEE24-35_000717_det07_tr0004.png,001976\BEE24-35_000717_det07_tr0004.jpg,v1_190,train
001995__BEE24-35_000855_det08_tr0002,001995__BEE24-35_000855_det08_tr0002.jpg,001995__BEE24-35_000855_det08_tr0002.jpg,3587,0.517157,D:\personal_resources\CV_research\boxmot\output\bee_foreground_cvat_200_complete_visible_20260515_01\images\001995__BEE24-35_000855_det08_tr0002.jpg,D:\personal_resources\CV_research\boxmot\output\bee_foreground_manual_dataset_v1\masks_all\001995__BEE24-35_000855_det08_tr0002.png,001995\BEE24-35_000855_det08_tr0002.jpg,v1_190,train
001995__BEE24-35_000930_det08_tr0008,001995__BEE24-35_000930_det08_tr0008.jpg,001995__BEE24-35_000930_det08_tr0008.jpg,2180,0.305965,D:\personal_resources\CV_research\boxmot\output\bee_foreground_cvat_200_complete_visible_20260515_01\images\001995__BEE24-35_000930_det08_tr0008.jpg,D:\personal_resources\CV_research\boxmot\output\bee_foreground_manual_dataset_v1\masks_all\001995__BEE24-35_000930_det08_tr0008.png,001995\BEE24-35_000930_det08_tr0008.jpg,v1_190,train
001996__BEE24-35_000864_det09_tr0010,001996__BEE24-35_000864_det09_tr0010.jpg,001996__BEE24-35_000864_det09_tr0010.jpg,3316,0.360278,D:\personal_resources\CV_research\boxmot\output\bee_foreground_cvat_200_complete_visible_20260515_01\images\001996__BEE24-35_000864_det09_tr0010.jpg,D:\personal_resources\CV_research\boxmot\output\bee_foreground_manual_dataset_v1\masks_all\001996__BEE24-35_000864_det09_tr0010.png,001996\BEE24-35_000864_det09_tr0010.jpg,v1_190,train
001999__BEE24-35_000979_det10_tr0018,001999__BEE24-35_000979_det10_tr0018.jpg,001999__BEE24-35_000979_det10_tr0018.jpg,2686,0.372228,D:\personal_resources\CV_research\boxmot\output\bee_foreground_cvat_200_complete_visible_20260515_01\images\001999__BEE24-35_000979_det10_tr0018.jpg,D:\personal_resources\CV_research\boxmot\output\bee_foreground_manual_dataset_v1\masks_all\001999__BEE24-35_000979_det10_tr0018.png,001999\BEE24-35_000979_det10_tr0018.jpg,v1_190,train
002005__BEE24-35_001075_det11_tr0015,002005__BEE24-35_001075_det11_tr0015.jpg,002005__BEE24-35_001075_det11_tr0015.jpg,1267,0.248139,D:\personal_resources\CV_research\boxmot\output\bee_foreground_cvat_200_complete_visible_20260515_01\images\002005__BEE24-35_001075_det11_tr0015.jpg,D:\personal_resources\CV_research\boxmot\output\bee_foreground_manual_dataset_v1\masks_all\002005__BEE24-35_001075_det11_tr0015.png,002005\BEE24-35_001075_det11_tr0015.jpg,v1_190,train
002008__BEE24-35_001123_det10_tr0014,002008__BEE24-35_001123_det10_tr0014.jpg,002008__BEE24-35_001123_det10_tr0014.jpg,3014,0.400585,D:\personal_resources\CV_research\boxmot\output\bee_foreground_cvat_200_complete_visible_20260515_01\images\002008__BEE24-35_001123_det10_tr0014.jpg,D:\personal_resources\CV_research\boxmot\output\bee_foreground_manual_dataset_v1\masks_all\002008__BEE24-35_001123_det10_tr0014.png,002008\BEE24-35_001123_det10_tr0014.jpg,v1_190,train
002010__BEE24-35_001211_det08_tr0014,002010__BEE24-35_001211_det08_tr0014.jpg,002010__BEE24-35_001211_det08_tr0014.jpg,3664,0.405130,D:\personal_resources\CV_research\boxmot\output\bee_foreground_cvat_200_complete_visible_20260515_01\images\002010__BEE24-35_001211_det08_tr0014.jpg,D:\personal_resources\CV_research\boxmot\output\bee_foreground_manual_dataset_v1\masks_all\002010__BEE24-35_001211_det08_tr0014.png,002010\BEE24-35_001211_det08_tr0014.jpg,v1_190,train
002012__BEE24-35_001199_det11_tr0007,002012__BEE24-35_001199_det11_tr0007.jpg,002012__BEE24-35_001199_det11_tr0007.jpg,3829,0.455833,D:\personal_resources\CV_research\boxmot\output\bee_foreground_cvat_200_complete_visible_20260515_01\images\002012__BEE24-35_001199_det11_tr0007.jpg,D:\personal_resources\CV_research\boxmot\output\bee_foreground_manual_dataset_v1\masks_all\002012__BEE24-35_001199_det11_tr0007.png,002012\BEE24-35_001199_det11_tr0007.jpg,v1_190,train
002015__BEE24-35_001324_det08_tr0022,002015__BEE24-35_001324_det08_tr0022.jpg,002015__BEE24-35_001324_det08_tr0022.jpg,3971,0.414683,D:\personal_resources\CV_research\boxmot\output\bee_foreground_cvat_200_complete_visible_20260515_01\images\002015__BEE24-35_001324_det08_tr0022.jpg,D:\personal_resources\CV_research\boxmot\output\bee_foreground_manual_dataset_v1\masks_all\002015__BEE24-35_001324_det08_tr0022.png,002015\BEE24-35_001324_det08_tr0022.jpg,v1_190,train
002015__BEE24-35_001326_det08_tr0023,002015__BEE24-35_001326_det08_tr0023.jpg,002015__BEE24-35_001326_det08_tr0023.jpg,4304,0.449457,D:\personal_resources\CV_research\boxmot\output\bee_foreground_cvat_200_complete_visible_20260515_01\images\002015__BEE24-35_001326_det08_tr0023.jpg,D:\personal_resources\CV_research\boxmot\output\bee_foreground_manual_dataset_v1\masks_all\002015__BEE24-35_001326_det08_tr0023.png,002015\BEE24-35_001326_det08_tr0023.jpg,v1_190,train
002016__BEE24-35_001328_det09_tr0005,002016__BEE24-35_001328_det09_tr0005.jpg,002016__BEE24-35_001328_det09_tr0005.jpg,3258,0.404620,D:\personal_resources\CV_research\boxmot\output\bee_foreground_cvat_200_complete_visible_20260515_01\images\002016__BEE24-35_001328_det09_tr0005.jpg,D:\personal_resources\CV_research\boxmot\output\bee_foreground_manual_dataset_v1\masks_all\002016__BEE24-35_001328_det09_tr0005.png,002016\BEE24-35_001328_det09_tr0005.jpg,v1_190,train
002018__BEE24-35_001354_det10_tr0014,002018__BEE24-35_001354_det10_tr0014.jpg,002018__BEE24-35_001354_det10_tr0014.jpg,3747,0.625125,D:\personal_resources\CV_research\boxmot\output\bee_foreground_cvat_200_complete_visible_20260515_01\images\002018__BEE24-35_001354_det10_tr0014.jpg,D:\personal_resources\CV_research\boxmot\output\bee_foreground_manual_dataset_v1\masks_all\002018__BEE24-35_001354_det10_tr0014.png,002018\BEE24-35_001354_det10_tr0014.jpg,v1_190,train
002021__BEE24-35_001424_det09_tr0017,002021__BEE24-35_001424_det09_tr0017.jpg,002021__BEE24-35_001424_det09_tr0017.jpg,3952,0.416614,D:\personal_resources\CV_research\boxmot\output\bee_foreground_cvat_200_complete_visible_20260515_01\images\002021__BEE24-35_001424_det09_tr0017.jpg,D:\personal_resources\CV_research\boxmot\output\bee_foreground_manual_dataset_v1\masks_all\002021__BEE24-35_001424_det09_tr0017.png,002021\BEE24-35_001424_det09_tr0017.jpg,v1_190,train
002021__BEE24-35_001429_det09_tr0021,002021__BEE24-35_001429_det09_tr0021.jpg,002021__BEE24-35_001429_det09_tr0021.jpg,2310,0.273729,D:\personal_resources\CV_research\boxmot\output\bee_foreground_cvat_200_complete_visible_20260515_01\images\002021__BEE24-35_001429_det09_tr0021.jpg,D:\personal_resources\CV_research\boxmot\output\bee_foreground_manual_dataset_v1\masks_all\002021__BEE24-35_001429_det09_tr0021.png,002021\BEE24-35_001429_det09_tr0021.jpg,v1_190,train
002022__BEE24-35_001446_det09_tr0013,002022__BEE24-35_001446_det09_tr0013.jpg,002022__BEE24-35_001446_det09_tr0013.jpg,3042,0.353721,D:\personal_resources\CV_research\boxmot\output\bee_foreground_cvat_200_complete_visible_20260515_01\images\002022__BEE24-35_001446_det09_tr0013.jpg,D:\personal_resources\CV_research\boxmot\output\bee_foreground_manual_dataset_v1\masks_all\002022__BEE24-35_001446_det09_tr0013.png,002022\BEE24-35_001446_det09_tr0013.jpg,v1_190,train
002023__BEE24-35_001528_det09_tr0021,002023__BEE24-35_001528_det09_tr0021.jpg,002023__BEE24-35_001528_det09_tr0021.jpg,2557,0.392660,D:\personal_resources\CV_research\boxmot\output\bee_foreground_cvat_200_complete_visible_20260515_01\images\002023__BEE24-35_001528_det09_tr0021.jpg,D:\personal_resources\CV_research\boxmot\output\bee_foreground_manual_dataset_v1\masks_all\002023__BEE24-35_001528_det09_tr0021.png,002023\BEE24-35_001528_det09_tr0021.jpg,v1_190,train
002026__BEE24-35_001548_det10_tr0013,002026__BEE24-35_001548_det10_tr0013.jpg,002026__BEE24-35_001548_det10_tr0013.jpg,3640,0.432099,D:\personal_resources\CV_research\boxmot\output\bee_foreground_cvat_200_complete_visible_20260515_01\images\002026__BEE24-35_001548_det10_tr0013.jpg,D:\personal_resources\CV_research\boxmot\output\bee_foreground_manual_dataset_v1\masks_all\002026__BEE24-35_001548_det10_tr0013.png,002026\BEE24-35_001548_det10_tr0013.jpg,v1_190,train
002027__BEE24-35_001607_det09_tr0019,002027__BEE24-35_001607_det09_tr0019.jpg,002027__BEE24-35_001607_det09_tr0019.jpg,2904,0.402160,D:\personal_resources\CV_research\boxmot\output\bee_foreground_cvat_200_complete_visible_20260515_01\images\002027__BEE24-35_001607_det09_tr0019.jpg,D:\personal_resources\CV_research\boxmot\output\bee_foreground_manual_dataset_v1\masks_all\002027__BEE24-35_001607_det09_tr0019.png,002027\BEE24-35_001607_det09_tr0019.jpg,v1_190,train
002029__BEE24-35_001584_det11_tr0014,002029__BEE24-35_001584_det11_tr0014.jpg,002029__BEE24-35_001584_det11_tr0014.jpg,2718,0.326291,D:\personal_resources\CV_research\boxmot\output\bee_foreground_cvat_200_complete_visible_20260515_01\images\002029__BEE24-35_001584_det11_tr0014.jpg,D:\personal_resources\CV_research\boxmot\output\bee_foreground_manual_dataset_v1\masks_all\002029__BEE24-35_001584_det11_tr0014.png,002029\BEE24-35_001584_det11_tr0014.jpg,v1_190,train
002033__BEE24-35_001645_det09_tr0014,002033__BEE24-35_001645_det09_tr0014.jpg,002033__BEE24-35_001645_det09_tr0014.jpg,3328,0.411321,D:\personal_resources\CV_research\boxmot\output\bee_foreground_cvat_200_complete_visible_20260515_01\images\002033__BEE24-35_001645_det09_tr0014.jpg,D:\personal_resources\CV_research\boxmot\output\bee_foreground_manual_dataset_v1\masks_all\002033__BEE24-35_001645_det09_tr0014.png,002033\BEE24-35_001645_det09_tr0014.jpg,v1_190,train
002036__BEE24-35_001815_det09_tr0001,002036__BEE24-35_001815_det09_tr0001.jpg,002036__BEE24-35_001815_det09_tr0001.jpg,2643,0.338846,D:\personal_resources\CV_research\boxmot\output\bee_foreground_cvat_200_complete_visible_20260515_01\images\002036__BEE24-35_001815_det09_tr0001.jpg,D:\personal_resources\CV_research\boxmot\output\bee_foreground_manual_dataset_v1\masks_all\002036__BEE24-35_001815_det09_tr0001.png,002036\BEE24-35_001815_det09_tr0001.jpg,v1_190,train
002036__BEE24-35_001817_det09_tr0003,002036__BEE24-35_001817_det09_tr0003.jpg,002036__BEE24-35_001817_det09_tr0003.jpg,2461,0.315513,D:\personal_resources\CV_research\boxmot\output\bee_foreground_cvat_200_complete_visible_20260515_01\images\002036__BEE24-35_001817_det09_tr0003.jpg,D:\personal_resources\CV_research\boxmot\output\bee_foreground_manual_dataset_v1\masks_all\002036__BEE24-35_001817_det09_tr0003.png,002036\BEE24-35_001817_det09_tr0003.jpg,v1_190,train
002044__BEE24-35_001972_det09_tr0013,002044__BEE24-35_001972_det09_tr0013.jpg,002044__BEE24-35_001972_det09_tr0013.jpg,3555,0.477309,D:\personal_resources\CV_research\boxmot\output\bee_foreground_cvat_200_complete_visible_20260515_01\images\002044__BEE24-35_001972_det09_tr0013.jpg,D:\personal_resources\CV_research\boxmot\output\bee_foreground_manual_dataset_v1\masks_all\002044__BEE24-35_001972_det09_tr0013.png,002044\BEE24-35_001972_det09_tr0013.jpg,v1_190,train
002044__BEE24-35_001975_det09_tr0014,002044__BEE24-35_001975_det09_tr0014.jpg,002044__BEE24-35_001975_det09_tr0014.jpg,3548,0.476369,D:\personal_resources\CV_research\boxmot\output\bee_foreground_cvat_200_complete_visible_20260515_01\images\002044__BEE24-35_001975_det09_tr0014.jpg,D:\personal_resources\CV_research\boxmot\output\bee_foreground_manual_dataset_v1\masks_all\002044__BEE24-35_001975_det09_tr0014.png,002044\BEE24-35_001975_det09_tr0014.jpg,v1_190,train
002046__BEE24-35_002057_det06_tr0023,002046__BEE24-35_002057_det06_tr0023.jpg,002046__BEE24-35_002057_det06_tr0023.jpg,1575,0.246248,D:\personal_resources\CV_research\boxmot\output\bee_foreground_cvat_200_complete_visible_20260515_01\images\002046__BEE24-35_002057_det06_tr0023.jpg,D:\personal_resources\CV_research\boxmot\output\bee_foreground_manual_dataset_v1\masks_all\002046__BEE24-35_002057_det06_tr0023.png,002046\BEE24-35_002057_det06_tr0023.jpg,v1_190,train
002047__BEE24-35_002020_det08_tr0021,002047__BEE24-35_002020_det08_tr0021.jpg,002047__BEE24-35_002020_det08_tr0021.jpg,3322,0.494125,D:\personal_resources\CV_research\boxmot\output\bee_foreground_cvat_200_complete_visible_20260515_01\images\002047__BEE24-35_002020_det08_tr0021.jpg,D:\personal_resources\CV_research\boxmot\output\bee_foreground_manual_dataset_v1\masks_all\002047__BEE24-35_002020_det08_tr0021.png,002047\BEE24-35_002020_det08_tr0021.jpg,v1_190,train
002059__BEE24-35_004810_det02_tr0022,002059__BEE24-35_004810_det02_tr0022.jpg,002059__BEE24-35_004810_det02_tr0022.jpg,2613,0.546196,D:\personal_resources\CV_research\boxmot\output\bee_foreground_cvat_200_complete_visible_20260515_01\images\002059__BEE24-35_004810_det02_tr0022.jpg,D:\personal_resources\CV_research\boxmot\output\bee_foreground_manual_dataset_v1\masks_all\002059__BEE24-35_004810_det02_tr0022.png,002059\BEE24-35_004810_det02_tr0022.jpg,v1_190,train
002064__BEE24-35_002360_det08_tr0010,002064__BEE24-35_002360_det08_tr0010.jpg,002064__BEE24-35_002360_det08_tr0010.jpg,3238,0.484151,D:\personal_resources\CV_research\boxmot\output\bee_foreground_cvat_200_complete_visible_20260515_01\images\002064__BEE24-35_002360_det08_tr0010.jpg,D:\personal_resources\CV_research\boxmot\output\bee_foreground_manual_dataset_v1\masks_all\002064__BEE24-35_002360_det08_tr0010.png,002064\BEE24-35_002360_det08_tr0010.jpg,v1_190,train
002077__BEE24-35_002715_det06_tr0014,002077__BEE24-35_002715_det06_tr0014.jpg,002077__BEE24-35_002715_det06_tr0014.jpg,3783,0.485000,D:\personal_resources\CV_research\boxmot\output\bee_foreground_cvat_200_complete_visible_20260515_01\images\002077__BEE24-35_002715_det06_tr0014.jpg,D:\personal_resources\CV_research\boxmot\output\bee_foreground_manual_dataset_v1\masks_all\002077__BEE24-35_002715_det06_tr0014.png,002077\BEE24-35_002715_det06_tr0014.jpg,v1_190,train
002077__BEE24-35_002726_det06_tr0019,002077__BEE24-35_002726_det06_tr0019.jpg,002077__BEE24-35_002726_det06_tr0019.jpg,1838,0.235641,D:\personal_resources\CV_research\boxmot\output\bee_foreground_cvat_200_complete_visible_20260515_01\images\002077__BEE24-35_002726_det06_tr0019.jpg,D:\personal_resources\CV_research\boxmot\output\bee_foreground_manual_dataset_v1\masks_all\002077__BEE24-35_002726_det06_tr0019.png,002077\BEE24-35_002726_det06_tr0019.jpg,v1_190,train
002080__BEE24-35_002791_det05_tr0017,002080__BEE24-35_002791_det05_tr0017.jpg,002080__BEE24-35_002791_det05_tr0017.jpg,3209,0.441100,D:\personal_resources\CV_research\boxmot\output\bee_foreground_cvat_200_complete_visible_20260515_01\images\002080__BEE24-35_002791_det05_tr0017.jpg,D:\personal_resources\CV_research\boxmot\output\bee_foreground_manual_dataset_v1\masks_all\002080__BEE24-35_002791_det05_tr0017.png,002080\BEE24-35_002791_det05_tr0017.jpg,v1_190,train
002086__BEE24-35_002861_det09_tr0001,002086__BEE24-35_002861_det09_tr0001.jpg,002086__BEE24-35_002861_det09_tr0001.jpg,3195,0.496272,D:\personal_resources\CV_research\boxmot\output\bee_foreground_cvat_200_complete_visible_20260515_01\images\002086__BEE24-35_002861_det09_tr0001.jpg,D:\personal_resources\CV_research\boxmot\output\bee_foreground_manual_dataset_v1\masks_all\002086__BEE24-35_002861_det09_tr0001.png,002086\BEE24-35_002861_det09_tr0001.jpg,v1_190,train
002093__BEE24-35_003139_det07_tr0019,002093__BEE24-35_003139_det07_tr0019.jpg,002093__BEE24-35_003139_det07_tr0019.jpg,3701,0.448606,D:\personal_resources\CV_research\boxmot\output\bee_foreground_cvat_200_complete_visible_20260515_01\images\002093__BEE24-35_003139_det07_tr0019.jpg,D:\personal_resources\CV_research\boxmot\output\bee_foreground_manual_dataset_v1\masks_all\002093__BEE24-35_003139_det07_tr0019.png,002093\BEE24-35_003139_det07_tr0019.jpg,v1_190,train
002094__BEE24-35_003109_det08_tr0017,002094__BEE24-35_003109_det08_tr0017.jpg,002094__BEE24-35_003109_det08_tr0017.jpg,3834,0.442827,D:\personal_resources\CV_research\boxmot\output\bee_foreground_cvat_200_complete_visible_20260515_01\images\002094__BEE24-35_003109_det08_tr0017.jpg,D:\personal_resources\CV_research\boxmot\output\bee_foreground_manual_dataset_v1\masks_all\002094__BEE24-35_003109_det08_tr0017.png,002094\BEE24-35_003109_det08_tr0017.jpg,v1_190,train
002097__BEE24-35_003153_det08_tr0009,002097__BEE24-35_003153_det08_tr0009.jpg,002097__BEE24-35_003153_det08_tr0009.jpg,3230,0.497996,D:\personal_resources\CV_research\boxmot\output\bee_foreground_cvat_200_complete_visible_20260515_01\images\002097__BEE24-35_003153_det08_tr0009.jpg,D:\personal_resources\CV_research\boxmot\output\bee_foreground_manual_dataset_v1\masks_all\002097__BEE24-35_003153_det08_tr0009.png,002097\BEE24-35_003153_det08_tr0009.jpg,v1_190,train
002101__BEE24-35_003203_det09_tr0011,002101__BEE24-35_003203_det09_tr0011.jpg,002101__BEE24-35_003203_det09_tr0011.jpg,3367,0.329517,D:\personal_resources\CV_research\boxmot\output\bee_foreground_cvat_200_complete_visible_20260515_01\images\002101__BEE24-35_003203_det09_tr0011.jpg,D:\personal_resources\CV_research\boxmot\output\bee_foreground_manual_dataset_v1\masks_all\002101__BEE24-35_003203_det09_tr0011.png,002101\BEE24-35_003203_det09_tr0011.jpg,v1_190,train
002122__BEE24-35_003543_det09_tr0008,002122__BEE24-35_003543_det09_tr0008.jpg,002122__BEE24-35_003543_det09_tr0008.jpg,3250,0.400641,D:\personal_resources\CV_research\boxmot\output\bee_foreground_cvat_200_complete_visible_20260515_01\images\002122__BEE24-35_003543_det09_tr0008.jpg,D:\personal_resources\CV_research\boxmot\output\bee_foreground_manual_dataset_v1\masks_all\002122__BEE24-35_003543_det09_tr0008.png,002122\BEE24-35_003543_det09_tr0008.jpg,v1_190,train
002122__BEE24-35_003551_det09_tr0015,002122__BEE24-35_003551_det09_tr0015.jpg,002122__BEE24-35_003551_det09_tr0015.jpg,1403,0.172954,D:\personal_resources\CV_research\boxmot\output\bee_foreground_cvat_200_complete_visible_20260515_01\images\002122__BEE24-35_003551_det09_tr0015.jpg,D:\personal_resources\CV_research\boxmot\output\bee_foreground_manual_dataset_v1\masks_all\002122__BEE24-35_003551_det09_tr0015.png,002122\BEE24-35_003551_det09_tr0015.jpg,v1_190,train
002123__BEE24-35_003619_det09_tr0019,002123__BEE24-35_003619_det09_tr0019.jpg,002123__BEE24-35_003619_det09_tr0019.jpg,1786,0.259518,D:\personal_resources\CV_research\boxmot\output\bee_foreground_cvat_200_complete_visible_20260515_01\images\002123__BEE24-35_003619_det09_tr0019.jpg,D:\personal_resources\CV_research\boxmot\output\bee_foreground_manual_dataset_v1\masks_all\002123__BEE24-35_003619_det09_tr0019.png,002123\BEE24-35_003619_det09_tr0019.jpg,v1_190,train
002125__BEE24-35_003659_det09_tr0010,002125__BEE24-35_003659_det09_tr0010.jpg,002125__BEE24-35_003659_det09_tr0010.jpg,3328,0.446951,D:\personal_resources\CV_research\boxmot\output\bee_foreground_cvat_200_complete_visible_20260515_01\images\002125__BEE24-35_003659_det09_tr0010.jpg,D:\personal_resources\CV_research\boxmot\output\bee_foreground_manual_dataset_v1\masks_all\002125__BEE24-35_003659_det09_tr0010.png,002125\BEE24-35_003659_det09_tr0010.jpg,v1_190,train
002127__BEE24-35_003694_det09_tr0013,002127__BEE24-35_003694_det09_tr0013.jpg,002127__BEE24-35_003694_det09_tr0013.jpg,2769,0.416391,D:\personal_resources\CV_research\boxmot\output\bee_foreground_cvat_200_complete_visible_20260515_01\images\002127__BEE24-35_003694_det09_tr0013.jpg,D:\personal_resources\CV_research\boxmot\output\bee_foreground_manual_dataset_v1\masks_all\002127__BEE24-35_003694_det09_tr0013.png,002127\BEE24-35_003694_det09_tr0013.jpg,v1_190,train
002129__BEE24-35_003740_det09_tr0019,002129__BEE24-35_003740_det09_tr0019.jpg,002129__BEE24-35_003740_det09_tr0019.jpg,3571,0.520251,D:\personal_resources\CV_research\boxmot\output\bee_foreground_cvat_200_complete_visible_20260515_01\images\002129__BEE24-35_003740_det09_tr0019.jpg,D:\personal_resources\CV_research\boxmot\output\bee_foreground_manual_dataset_v1\masks_all\002129__BEE24-35_003740_det09_tr0019.png,002129\BEE24-35_003740_det09_tr0019.jpg,v1_190,train
002130__BEE24-35_003724_det10_tr0010,002130__BEE24-35_003724_det10_tr0010.jpg,002130__BEE24-35_003724_det10_tr0010.jpg,4073,0.496223,D:\personal_resources\CV_research\boxmot\output\bee_foreground_cvat_200_complete_visible_20260515_01\images\002130__BEE24-35_003724_det10_tr0010.jpg,D:\personal_resources\CV_research\boxmot\output\bee_foreground_manual_dataset_v1\masks_all\002130__BEE24-35_003724_det10_tr0010.png,002130\BEE24-35_003724_det10_tr0010.jpg,v1_190,train
002131__BEE24-35_003723_det11_tr0007,002131__BEE24-35_003723_det11_tr0007.jpg,002131__BEE24-35_003723_det11_tr0007.jpg,2913,0.460626,D:\personal_resources\CV_research\boxmot\output\bee_foreground_cvat_200_complete_visible_20260515_01\images\002131__BEE24-35_003723_det11_tr0007.jpg,D:\personal_resources\CV_research\boxmot\output\bee_foreground_manual_dataset_v1\masks_all\002131__BEE24-35_003723_det11_tr0007.png,002131\BEE24-35_003723_det11_tr0007.jpg,v1_190,train
002137__BEE24-35_003897_det08_tr0018,002137__BEE24-35_003897_det08_tr0018.jpg,002137__BEE24-35_003897_det08_tr0018.jpg,3700,0.464357,D:\personal_resources\CV_research\boxmot\output\bee_foreground_cvat_200_complete_visible_20260515_01\images\002137__BEE24-35_003897_det08_tr0018.jpg,D:\personal_resources\CV_research\boxmot\output\bee_foreground_manual_dataset_v1\masks_all\002137__BEE24-35_003897_det08_tr0018.png,002137\BEE24-35_003897_det08_tr0018.jpg,v1_190,train
002142__BEE24-35_004072_det07_tr0014,002142__BEE24-35_004072_det07_tr0014.jpg,002142__BEE24-35_004072_det07_tr0014.jpg,2934,0.416170,D:\personal_resources\CV_research\boxmot\output\bee_foreground_cvat_200_complete_visible_20260515_01\images\002142__BEE24-35_004072_det07_tr0014.jpg,D:\personal_resources\CV_research\boxmot\output\bee_foreground_manual_dataset_v1\masks_all\002142__BEE24-35_004072_det07_tr0014.png,002142\BEE24-35_004072_det07_tr0014.jpg,v1_190,train
002142__BEE24-35_004077_det07_tr0015,002142__BEE24-35_004077_det07_tr0015.jpg,002142__BEE24-35_004077_det07_tr0015.jpg,3372,0.430102,D:\personal_resources\CV_research\boxmot\output\bee_foreground_cvat_200_complete_visible_20260515_01\images\002142__BEE24-35_004077_det07_tr0015.jpg,D:\personal_resources\CV_research\boxmot\output\bee_foreground_manual_dataset_v1\masks_all\002142__BEE24-35_004077_det07_tr0015.png,002142\BEE24-35_004077_det07_tr0015.jpg,v1_190,train
002145__BEE24-35_004049_det10_tr0003,002145__BEE24-35_004049_det10_tr0003.jpg,002145__BEE24-35_004049_det10_tr0003.jpg,2927,0.414824,D:\personal_resources\CV_research\boxmot\output\bee_foreground_cvat_200_complete_visible_20260515_01\images\002145__BEE24-35_004049_det10_tr0003.jpg,D:\personal_resources\CV_research\boxmot\output\bee_foreground_manual_dataset_v1\masks_all\002145__BEE24-35_004049_det10_tr0003.png,002145\BEE24-35_004049_det10_tr0003.jpg,v1_190,train
002150__BEE24-35_004084_det12_tr0004,002150__BEE24-35_004084_det12_tr0004.jpg,002150__BEE24-35_004084_det12_tr0004.jpg,2777,0.416967,D:\personal_resources\CV_research\boxmot\output\bee_foreground_cvat_200_complete_visible_20260515_01\images\002150__BEE24-35_004084_det12_tr0004.jpg,D:\personal_resources\CV_research\boxmot\output\bee_foreground_manual_dataset_v1\masks_all\002150__BEE24-35_004084_det12_tr0004.png,002150\BEE24-35_004084_det12_tr0004.jpg,v1_190,train
002150__BEE24-35_004091_det11_tr0009,002150__BEE24-35_004091_det11_tr0009.jpg,002150__BEE24-35_004091_det11_tr0009.jpg,2979,0.447297,D:\personal_resources\CV_research\boxmot\output\bee_foreground_cvat_200_complete_visible_20260515_01\images\002150__BEE24-35_004091_det11_tr0009.jpg,D:\personal_resources\CV_research\boxmot\output\bee_foreground_manual_dataset_v1\masks_all\002150__BEE24-35_004091_det11_tr0009.png,002150\BEE24-35_004091_det11_tr0009.jpg,v1_190,train
002160__BEE24-35_004225_det08_tr0014,002160__BEE24-35_004225_det08_tr0014.jpg,002160__BEE24-35_004225_det08_tr0014.jpg,3209,0.524346,D:\personal_resources\CV_research\boxmot\output\bee_foreground_cvat_200_complete_visible_20260515_01\images\002160__BEE24-35_004225_det08_tr0014.jpg,D:\personal_resources\CV_research\boxmot\output\bee_foreground_manual_dataset_v1\masks_all\002160__BEE24-35_004225_det08_tr0014.png,002160\BEE24-35_004225_det08_tr0014.jpg,v1_190,train
002167__BEE24-35_004370_det09_tr0016,002167__BEE24-35_004370_det09_tr0016.jpg,002167__BEE24-35_004370_det09_tr0016.jpg,2562,0.412560,D:\personal_resources\CV_research\boxmot\output\bee_foreground_cvat_200_complete_visible_20260515_01\images\002167__BEE24-35_004370_det09_tr0016.jpg,D:\personal_resources\CV_research\boxmot\output\bee_foreground_manual_dataset_v1\masks_all\002167__BEE24-35_004370_det09_tr0016.png,002167\BEE24-35_004370_det09_tr0016.jpg,v1_190,train
002172__BEE24-35_004441_det07_tr0010,002172__BEE24-35_004441_det07_tr0010.jpg,002172__BEE24-35_004441_det07_tr0010.jpg,4174,0.515882,D:\personal_resources\CV_research\boxmot\output\bee_foreground_cvat_200_complete_visible_20260515_01\images\002172__BEE24-35_004441_det07_tr0010.jpg,D:\personal_resources\CV_research\boxmot\output\bee_foreground_manual_dataset_v1\masks_all\002172__BEE24-35_004441_det07_tr0010.png,002172\BEE24-35_004441_det07_tr0010.jpg,v1_190,train
002178__BEE24-35_004557_det10_tr0002,002178__BEE24-35_004557_det10_tr0002.jpg,002178__BEE24-35_004557_det10_tr0002.jpg,2632,0.417778,D:\personal_resources\CV_research\boxmot\output\bee_foreground_cvat_200_complete_visible_20260515_01\images\002178__BEE24-35_004557_det10_tr0002.jpg,D:\personal_resources\CV_research\boxmot\output\bee_foreground_manual_dataset_v1\masks_all\002178__BEE24-35_004557_det10_tr0002.png,002178\BEE24-35_004557_det10_tr0002.jpg,v1_190,train
002183__BEE24-35_004686_det09_tr0005,002183__BEE24-35_004686_det09_tr0005.jpg,002183__BEE24-35_004686_det09_tr0005.jpg,2955,0.441836,D:\personal_resources\CV_research\boxmot\output\bee_foreground_cvat_200_complete_visible_20260515_01\images\002183__BEE24-35_004686_det09_tr0005.jpg,D:\personal_resources\CV_research\boxmot\output\bee_foreground_manual_dataset_v1\masks_all\002183__BEE24-35_004686_det09_tr0005.png,002183\BEE24-35_004686_det09_tr0005.jpg,v1_190,train
002183__BEE24-35_004687_det09_tr0006,002183__BEE24-35_004687_det09_tr0006.jpg,002183__BEE24-35_004687_det09_tr0006.jpg,2997,0.448116,D:\personal_resources\CV_research\boxmot\output\bee_foreground_cvat_200_complete_visible_20260515_01\images\002183__BEE24-35_004687_det09_tr0006.jpg,D:\personal_resources\CV_research\boxmot\output\bee_foreground_manual_dataset_v1\masks_all\002183__BEE24-35_004687_det09_tr0006.png,002183\BEE24-35_004687_det09_tr0006.jpg,v1_190,train
002228__BEE24-13_000214_det20_tr0023,002228__BEE24-13_000214_det20_tr0023.jpg,002228__BEE24-13_000214_det20_tr0023.jpg,3116,0.539100,D:\personal_resources\CV_research\boxmot\output\bee_foreground_cvat_200_complete_visible_20260515_01\images\002228__BEE24-13_000214_det20_tr0023.jpg,D:\personal_resources\CV_research\boxmot\output\bee_foreground_manual_dataset_v1\masks_all\002228__BEE24-13_000214_det20_tr0023.png,002228\BEE24-13_000214_det20_tr0023.jpg,v1_190,train
002249__BEE24-16_000005_det16_tr0001,002249__BEE24-16_000005_det16_tr0001.jpg,002249__BEE24-16_000005_det16_tr0001.jpg,2552,0.505447,D:\personal_resources\CV_research\boxmot\output\bee_foreground_cvat_200_complete_visible_20260515_01\images\002249__BEE24-16_000005_det16_tr0001.jpg,D:\personal_resources\CV_research\boxmot\output\bee_foreground_manual_dataset_v1\masks_all\002249__BEE24-16_000005_det16_tr0001.png,002249\BEE24-16_000005_det16_tr0001.jpg,v1_190,train
002261__BEE24-16_000102_det15_tr0001,002261__BEE24-16_000102_det15_tr0001.jpg,002261__BEE24-16_000102_det15_tr0001.jpg,2316,0.574405,D:\personal_resources\CV_research\boxmot\output\bee_foreground_cvat_200_complete_visible_20260515_01\images\002261__BEE24-16_000102_det15_tr0001.jpg,D:\personal_resources\CV_research\boxmot\output\bee_foreground_manual_dataset_v1\masks_all\002261__BEE24-16_000102_det15_tr0001.png,002261\BEE24-16_000102_det15_tr0001.jpg,v1_190,train
002274__BEE24-16_000246_det12_tr0012,002274__BEE24-16_000246_det12_tr0012.jpg,002274__BEE24-16_000246_det12_tr0012.jpg,2203,0.470726,D:\personal_resources\CV_research\boxmot\output\bee_foreground_cvat_200_complete_visible_20260515_01\images\002274__BEE24-16_000246_det12_tr0012.jpg,D:\personal_resources\CV_research\boxmot\output\bee_foreground_manual_dataset_v1\masks_all\002274__BEE24-16_000246_det12_tr0012.png,002274\BEE24-16_000246_det12_tr0012.jpg,v1_190,train
000122__BEE24-14_000096_det18_tr0010,000122__BEE24-14_000096_det18_tr0010.jpg,000122__BEE24-14_000096_det18_tr0010.jpg,1901,0.414342,D:\personal_resources\CV_research\boxmot\output\bee_foreground_hard_cvat_100_v4_complete_20260516\images\000122__BEE24-14_000096_det18_tr0010.jpg,D:\personal_resources\CV_research\boxmot\output\bee_foreground_manual_dataset_v2_hard75_20260516\masks_all\000122__BEE24-14_000096_det18_tr0010.png,000122\BEE24-14_000096_det18_tr0010.jpg,hard75,train
000122__BEE24-14_000147_det16_tr0016,000122__BEE24-14_000147_det16_tr0016.jpg,000122__BEE24-14_000147_det16_tr0016.jpg,2233,0.511218,D:\personal_resources\CV_research\boxmot\output\bee_foreground_hard_cvat_100_v4_complete_20260516\images\000122__BEE24-14_000147_det16_tr0016.jpg,D:\personal_resources\CV_research\boxmot\output\bee_foreground_manual_dataset_v2_hard75_20260516\masks_all\000122__BEE24-14_000147_det16_tr0016.png,000122\BEE24-14_000147_det16_tr0016.jpg,hard75,train
000122__BEE24-14_000220_det13_tr0024,000122__BEE24-14_000220_det13_tr0024.jpg,000122__BEE24-14_000220_det13_tr0024.jpg,1908,0.452347,D:\personal_resources\CV_research\boxmot\output\bee_foreground_hard_cvat_100_v4_complete_20260516\images\000122__BEE24-14_000220_det13_tr0024.jpg,D:\personal_resources\CV_research\boxmot\output\bee_foreground_manual_dataset_v2_hard75_20260516\masks_all\000122__BEE24-14_000220_det13_tr0024.png,000122\BEE24-14_000220_det13_tr0024.jpg,hard75,train
000123__BEE24-14_000022_det20_tr0002,000123__BEE24-14_000022_det20_tr0002.jpg,000123__BEE24-14_000022_det20_tr0002.jpg,2273,0.631389,D:\personal_resources\CV_research\boxmot\output\bee_foreground_hard_cvat_100_v4_complete_20260516\images\000123__BEE24-14_000022_det20_tr0002.jpg,D:\personal_resources\CV_research\boxmot\output\bee_foreground_manual_dataset_v2_hard75_20260516\masks_all\000123__BEE24-14_000022_det20_tr0002.png,000123\BEE24-14_000022_det20_tr0002.jpg,hard75,train
000123__BEE24-14_000059_det19_tr0006,000123__BEE24-14_000059_det19_tr0006.jpg,000123__BEE24-14_000059_det19_tr0006.jpg,2215,0.450203,D:\personal_resources\CV_research\boxmot\output\bee_foreground_hard_cvat_100_v4_complete_20260516\images\000123__BEE24-14_000059_det19_tr0006.jpg,D:\personal_resources\CV_research\boxmot\output\bee_foreground_manual_dataset_v2_hard75_20260516\masks_all\000123__BEE24-14_000059_det19_tr0006.png,000123\BEE24-14_000059_det19_tr0006.jpg,hard75,train
000123__BEE24-14_000125_det17_tr0013,000123__BEE24-14_000125_det17_tr0013.jpg,000123__BEE24-14_000125_det17_tr0013.jpg,1981,0.461556,D:\personal_resources\CV_research\boxmot\output\bee_foreground_hard_cvat_100_v4_complete_20260516\images\000123__BEE24-14_000125_det17_tr0013.jpg,D:\personal_resources\CV_research\boxmot\output\bee_foreground_manual_dataset_v2_hard75_20260516\masks_all\000123__BEE24-14_000125_det17_tr0013.png,000123\BEE24-14_000125_det17_tr0013.jpg,hard75,train
000135__BEE24-14_000117_det22_tr0000,000135__BEE24-14_000117_det22_tr0000.jpg,000135__BEE24-14_000117_det22_tr0000.jpg,645,0.275641,D:\personal_resources\CV_research\boxmot\output\bee_foreground_hard_cvat_100_v4_complete_20260516\images\000135__BEE24-14_000117_det22_tr0000.jpg,D:\personal_resources\CV_research\boxmot\output\bee_foreground_manual_dataset_v2_hard75_20260516\masks_all\000135__BEE24-14_000117_det22_tr0000.png,000135\BEE24-14_000117_det22_tr0000.jpg,hard75,train
000147__BEE24-14_000181_det23_tr0004,000147__BEE24-14_000181_det23_tr0004.jpg,000147__BEE24-14_000181_det23_tr0004.jpg,983,0.230751,D:\personal_resources\CV_research\boxmot\output\bee_foreground_hard_cvat_100_v4_complete_20260516\images\000147__BEE24-14_000181_det23_tr0004.jpg,D:\personal_resources\CV_research\boxmot\output\bee_foreground_manual_dataset_v2_hard75_20260516\masks_all\000147__BEE24-14_000181_det23_tr0004.png,000147\BEE24-14_000181_det23_tr0004.jpg,hard75,train
000208__BEE24-15_000212_det11_tr0001,000208__BEE24-15_000212_det11_tr0001.jpg,000208__BEE24-15_000212_det11_tr0001.jpg,1674,0.485217,D:\personal_resources\CV_research\boxmot\output\bee_foreground_hard_cvat_100_v4_complete_20260516\images\000208__BEE24-15_000212_det11_tr0001.jpg,D:\personal_resources\CV_research\boxmot\output\bee_foreground_manual_dataset_v2_hard75_20260516\masks_all\000208__BEE24-15_000212_det11_tr0001.png,000208\BEE24-15_000212_det11_tr0001.jpg,hard75,train
000317__BEE24-22_000022_det10_tr0005,000317__BEE24-22_000022_det10_tr0005.jpg,000317__BEE24-22_000022_det10_tr0005.jpg,1284,0.422646,D:\personal_resources\CV_research\boxmot\output\bee_foreground_hard_cvat_100_v4_complete_20260516\images\000317__BEE24-22_000022_det10_tr0005.jpg,D:\personal_resources\CV_research\boxmot\output\bee_foreground_manual_dataset_v2_hard75_20260516\masks_all\000317__BEE24-22_000022_det10_tr0005.png,000317\BEE24-22_000022_det10_tr0005.jpg,hard75,train
000348__BEE24-23_000039_det12_tr0004,000348__BEE24-23_000039_det12_tr0004.jpg,000348__BEE24-23_000039_det12_tr0004.jpg,2745,0.470034,D:\personal_resources\CV_research\boxmot\output\bee_foreground_hard_cvat_100_v4_complete_20260516\images\000348__BEE24-23_000039_det12_tr0004.jpg,D:\personal_resources\CV_research\boxmot\output\bee_foreground_manual_dataset_v2_hard75_20260516\masks_all\000348__BEE24-23_000039_det12_tr0004.png,000348\BEE24-23_000039_det12_tr0004.jpg,hard75,train
000376__BEE24-24_000048_det12_tr0005,000376__BEE24-24_000048_det12_tr0005.jpg,000376__BEE24-24_000048_det12_tr0005.jpg,1588,0.459491,D:\personal_resources\CV_research\boxmot\output\bee_foreground_hard_cvat_100_v4_complete_20260516\images\000376__BEE24-24_000048_det12_tr0005.jpg,D:\personal_resources\CV_research\boxmot\output\bee_foreground_manual_dataset_v2_hard75_20260516\masks_all\000376__BEE24-24_000048_det12_tr0005.png,000376\BEE24-24_000048_det12_tr0005.jpg,hard75,train
000512__BEE24-32_000058_det06_tr0004,000512__BEE24-32_000058_det06_tr0004.jpg,000512__BEE24-32_000058_det06_tr0004.jpg,1282,0.288739,D:\personal_resources\CV_research\boxmot\output\bee_foreground_hard_cvat_100_v4_complete_20260516\images\000512__BEE24-32_000058_det06_tr0004.jpg,D:\personal_resources\CV_research\boxmot\output\bee_foreground_manual_dataset_v2_hard75_20260516\masks_all\000512__BEE24-32_000058_det06_tr0004.png,000512\BEE24-32_000058_det06_tr0004.jpg,hard75,train
000520__BEE24-33_000066_det16_tr0012,000520__BEE24-33_000066_det16_tr0012.jpg,000520__BEE24-33_000066_det16_tr0012.jpg,696,0.273155,D:\personal_resources\CV_research\boxmot\output\bee_foreground_hard_cvat_100_v4_complete_20260516\images\000520__BEE24-33_000066_det16_tr0012.jpg,D:\personal_resources\CV_research\boxmot\output\bee_foreground_manual_dataset_v2_hard75_20260516\masks_all\000520__BEE24-33_000066_det16_tr0012.png,000520\BEE24-33_000066_det16_tr0012.jpg,hard75,train
000520__BEE24-33_000070_det16_tr0013,000520__BEE24-33_000070_det16_tr0013.jpg,000520__BEE24-33_000070_det16_tr0013.jpg,734,0.288069,D:\personal_resources\CV_research\boxmot\output\bee_foreground_hard_cvat_100_v4_complete_20260516\images\000520__BEE24-33_000070_det16_tr0013.jpg,D:\personal_resources\CV_research\boxmot\output\bee_foreground_manual_dataset_v2_hard75_20260516\masks_all\000520__BEE24-33_000070_det16_tr0013.png,000520\BEE24-33_000070_det16_tr0013.jpg,hard75,train
000570__BEE24-33_000349_det03_tr0008,000570__BEE24-33_000349_det03_tr0008.jpg,000570__BEE24-33_000349_det03_tr0008.jpg,924,0.388889,D:\personal_resources\CV_research\boxmot\output\bee_foreground_hard_cvat_100_v4_complete_20260516\images\000570__BEE24-33_000349_det03_tr0008.jpg,D:\personal_resources\CV_research\boxmot\output\bee_foreground_manual_dataset_v2_hard75_20260516\masks_all\000570__BEE24-33_000349_det03_tr0008.png,000570\BEE24-33_000349_det03_tr0008.jpg,hard75,train
000596__BEE24-33_000071_det29_tr0001,000596__BEE24-33_000071_det29_tr0001.jpg,000596__BEE24-33_000071_det29_tr0001.jpg,740,0.329768,D:\personal_resources\CV_research\boxmot\output\bee_foreground_hard_cvat_100_v4_complete_20260516\images\000596__BEE24-33_000071_det29_tr0001.jpg,D:\personal_resources\CV_research\boxmot\output\bee_foreground_manual_dataset_v2_hard75_20260516\masks_all\000596__BEE24-33_000071_det29_tr0001.png,000596\BEE24-33_000071_det29_tr0001.jpg,hard75,train
000596__BEE24-33_000085_det23_tr0003,000596__BEE24-33_000085_det23_tr0003.jpg,000596__BEE24-33_000085_det23_tr0003.jpg,676,0.301248,D:\personal_resources\CV_research\boxmot\output\bee_foreground_hard_cvat_100_v4_complete_20260516\images\000596__BEE24-33_000085_det23_tr0003.jpg,D:\personal_resources\CV_research\boxmot\output\bee_foreground_manual_dataset_v2_hard75_20260516\masks_all\000596__BEE24-33_000085_det23_tr0003.png,000596\BEE24-33_000085_det23_tr0003.jpg,hard75,train
000620__BEE24-33_000293_det01_tr0022,000620__BEE24-33_000293_det01_tr0022.jpg,000620__BEE24-33_000293_det01_tr0022.jpg,1359,0.429791,D:\personal_resources\CV_research\boxmot\output\bee_foreground_hard_cvat_100_v4_complete_20260516\images\000620__BEE24-33_000293_det01_tr0022.jpg,D:\personal_resources\CV_research\boxmot\output\bee_foreground_manual_dataset_v2_hard75_20260516\masks_all\000620__BEE24-33_000293_det01_tr0022.png,000620\BEE24-33_000293_det01_tr0022.jpg,hard75,train
000620__BEE24-33_000301_det01_tr0023,000620__BEE24-33_000301_det01_tr0023.jpg,000620__BEE24-33_000301_det01_tr0023.jpg,1680,0.454545,D:\personal_resources\CV_research\boxmot\output\bee_foreground_hard_cvat_100_v4_complete_20260516\images\000620__BEE24-33_000301_det01_tr0023.jpg,D:\personal_resources\CV_research\boxmot\output\bee_foreground_manual_dataset_v2_hard75_20260516\masks_all\000620__BEE24-33_000301_det01_tr0023.png,000620\BEE24-33_000301_det01_tr0023.jpg,hard75,train
000665__BEE24-33_000501_det39_tr0002,000665__BEE24-33_000501_det39_tr0002.jpg,000665__BEE24-33_000501_det39_tr0002.jpg,523,0.232032,D:\personal_resources\CV_research\boxmot\output\bee_foreground_hard_cvat_100_v4_complete_20260516\images\000665__BEE24-33_000501_det39_tr0002.jpg,D:\personal_resources\CV_research\boxmot\output\bee_foreground_manual_dataset_v2_hard75_20260516\masks_all\000665__BEE24-33_000501_det39_tr0002.png,000665\BEE24-33_000501_det39_tr0002.jpg,hard75,train
000763__BEE24-33_000944_det35_tr0013,000763__BEE24-33_000944_det35_tr0013.jpg,000763__BEE24-33_000944_det35_tr0013.jpg,1517,0.717258,D:\personal_resources\CV_research\boxmot\output\bee_foreground_hard_cvat_100_v4_complete_20260516\images\000763__BEE24-33_000944_det35_tr0013.jpg,D:\personal_resources\CV_research\boxmot\output\bee_foreground_manual_dataset_v2_hard75_20260516\masks_all\000763__BEE24-33_000944_det35_tr0013.png,000763\BEE24-33_000944_det35_tr0013.jpg,hard75,train
000788__BEE24-33_000266_det20_tr0001,000788__BEE24-33_000266_det20_tr0001.jpg,000788__BEE24-33_000266_det20_tr0001.jpg,950,0.329861,D:\personal_resources\CV_research\boxmot\output\bee_foreground_hard_cvat_100_v4_complete_20260516\images\000788__BEE24-33_000266_det20_tr0001.jpg,D:\personal_resources\CV_research\boxmot\output\bee_foreground_manual_dataset_v2_hard75_20260516\masks_all\000788__BEE24-33_000266_det20_tr0001.png,000788\BEE24-33_000266_det20_tr0001.jpg,hard75,train
000801__BEE24-33_000285_det21_tr0002,000801__BEE24-33_000285_det21_tr0002.jpg,000801__BEE24-33_000285_det21_tr0002.jpg,890,0.347385,D:\personal_resources\CV_research\boxmot\output\bee_foreground_hard_cvat_100_v4_complete_20260516\images\000801__BEE24-33_000285_det21_tr0002.jpg,D:\personal_resources\CV_research\boxmot\output\bee_foreground_manual_dataset_v2_hard75_20260516\masks_all\000801__BEE24-33_000285_det21_tr0002.png,000801\BEE24-33_000285_det21_tr0002.jpg,hard75,train
000835__BEE24-33_000304_det33_tr0000,000835__BEE24-33_000304_det33_tr0000.jpg,000835__BEE24-33_000304_det33_tr0000.jpg,1110,0.416042,D:\personal_resources\CV_research\boxmot\output\bee_foreground_hard_cvat_100_v4_complete_20260516\images\000835__BEE24-33_000304_det33_tr0000.jpg,D:\personal_resources\CV_research\boxmot\output\bee_foreground_manual_dataset_v2_hard75_20260516\masks_all\000835__BEE24-33_000304_det33_tr0000.png,000835\BEE24-33_000304_det33_tr0000.jpg,hard75,train
000854__BEE24-33_000374_det18_tr0014,000854__BEE24-33_000374_det18_tr0014.jpg,000854__BEE24-33_000374_det18_tr0014.jpg,622,0.294090,D:\personal_resources\CV_research\boxmot\output\bee_foreground_hard_cvat_100_v4_complete_20260516\images\000854__BEE24-33_000374_det18_tr0014.jpg,D:\personal_resources\CV_research\boxmot\output\bee_foreground_manual_dataset_v2_hard75_20260516\masks_all\000854__BEE24-33_000374_det18_tr0014.png,000854\BEE24-33_000374_det18_tr0014.jpg,hard75,train
000854__BEE24-33_000393_det16_tr0020,000854__BEE24-33_000393_det16_tr0020.jpg,000854__BEE24-33_000393_det16_tr0020.jpg,771,0.308523,D:\personal_resources\CV_research\boxmot\output\bee_foreground_hard_cvat_100_v4_complete_20260516\images\000854__BEE24-33_000393_det16_tr0020.jpg,D:\personal_resources\CV_research\boxmot\output\bee_foreground_manual_dataset_v2_hard75_20260516\masks_all\000854__BEE24-33_000393_det16_tr0020.png,000854\BEE24-33_000393_det16_tr0020.jpg,hard75,train
001362__BEE24-33_002852_det33_tr0003,001362__BEE24-33_002852_det33_tr0003.jpg,001362__BEE24-33_002852_det33_tr0003.jpg,1147,0.511141,D:\personal_resources\CV_research\boxmot\output\bee_foreground_hard_cvat_100_v4_complete_20260516\images\001362__BEE24-33_002852_det33_tr0003.jpg,D:\personal_resources\CV_research\boxmot\output\bee_foreground_manual_dataset_v2_hard75_20260516\masks_all\001362__BEE24-33_002852_det33_tr0003.png,001362\BEE24-33_002852_det33_tr0003.jpg,hard75,train
001396__BEE24-33_002995_det38_tr0002,001396__BEE24-33_002995_det38_tr0002.jpg,001396__BEE24-33_002995_det38_tr0002.jpg,1283,0.570222,D:\personal_resources\CV_research\boxmot\output\bee_foreground_hard_cvat_100_v4_complete_20260516\images\001396__BEE24-33_002995_det38_tr0002.jpg,D:\personal_resources\CV_research\boxmot\output\bee_foreground_manual_dataset_v2_hard75_20260516\masks_all\001396__BEE24-33_002995_det38_tr0002.png,001396\BEE24-33_002995_det38_tr0002.jpg,hard75,train
001474__BEE24-33_003442_det35_tr0004,001474__BEE24-33_003442_det35_tr0004.jpg,001474__BEE24-33_003442_det35_tr0004.jpg,1182,0.458851,D:\personal_resources\CV_research\boxmot\output\bee_foreground_hard_cvat_100_v4_complete_20260516\images\001474__BEE24-33_003442_det35_tr0004.jpg,D:\personal_resources\CV_research\boxmot\output\bee_foreground_manual_dataset_v2_hard75_20260516\masks_all\001474__BEE24-33_003442_det35_tr0004.png,001474\BEE24-33_003442_det35_tr0004.jpg,hard75,train
001552__BEE24-33_004063_det35_tr0012,001552__BEE24-33_004063_det35_tr0012.jpg,001552__BEE24-33_004063_det35_tr0012.jpg,475,0.210550,D:\personal_resources\CV_research\boxmot\output\bee_foreground_hard_cvat_100_v4_complete_20260516\images\001552__BEE24-33_004063_det35_tr0012.jpg,D:\personal_resources\CV_research\boxmot\output\bee_foreground_manual_dataset_v2_hard75_20260516\masks_all\001552__BEE24-33_004063_det35_tr0012.png,001552\BEE24-33_004063_det35_tr0012.jpg,hard75,train
001577__BEE24-33_004532_det08_tr0021,001577__BEE24-33_004532_det08_tr0021.jpg,001577__BEE24-33_004532_det08_tr0021.jpg,1000,0.457875,D:\personal_resources\CV_research\boxmot\output\bee_foreground_hard_cvat_100_v4_complete_20260516\images\001577__BEE24-33_004532_det08_tr0021.jpg,D:\personal_resources\CV_research\boxmot\output\bee_foreground_manual_dataset_v2_hard75_20260516\masks_all\001577__BEE24-33_004532_det08_tr0021.png,001577\BEE24-33_004532_det08_tr0021.jpg,hard75,train
001621__BEE24-33_004397_det31_tr0000,001621__BEE24-33_004397_det31_tr0000.jpg,001621__BEE24-33_004397_det31_tr0000.jpg,930,0.439509,D:\personal_resources\CV_research\boxmot\output\bee_foreground_hard_cvat_100_v4_complete_20260516\images\001621__BEE24-33_004397_det31_tr0000.jpg,D:\personal_resources\CV_research\boxmot\output\bee_foreground_manual_dataset_v2_hard75_20260516\masks_all\001621__BEE24-33_004397_det31_tr0000.png,001621\BEE24-33_004397_det31_tr0000.jpg,hard75,train
001635__BEE24-33_004444_det34_tr0006,001635__BEE24-33_004444_det34_tr0006.jpg,001635__BEE24-33_004444_det34_tr0006.jpg,1349,0.447281,D:\personal_resources\CV_research\boxmot\output\bee_foreground_hard_cvat_100_v4_complete_20260516\images\001635__BEE24-33_004444_det34_tr0006.jpg,D:\personal_resources\CV_research\boxmot\output\bee_foreground_manual_dataset_v2_hard75_20260516\masks_all\001635__BEE24-33_004444_det34_tr0006.png,001635\BEE24-33_004444_det34_tr0006.jpg,hard75,train
001664__BEE24-33_004775_det12_tr0011,001664__BEE24-33_004775_det12_tr0011.jpg,001664__BEE24-33_004775_det12_tr0011.jpg,1009,0.477746,D:\personal_resources\CV_research\boxmot\output\bee_foreground_hard_cvat_100_v4_complete_20260516\images\001664__BEE24-33_004775_det12_tr0011.jpg,D:\personal_resources\CV_research\boxmot\output\bee_foreground_manual_dataset_v2_hard75_20260516\masks_all\001664__BEE24-33_004775_det12_tr0011.png,001664\BEE24-33_004775_det12_tr0011.jpg,hard75,train
001664__BEE24-33_004790_det11_tr0012,001664__BEE24-33_004790_det11_tr0012.jpg,001664__BEE24-33_004790_det11_tr0012.jpg,1159,0.470373,D:\personal_resources\CV_research\boxmot\output\bee_foreground_hard_cvat_100_v4_complete_20260516\images\001664__BEE24-33_004790_det11_tr0012.jpg,D:\personal_resources\CV_research\boxmot\output\bee_foreground_manual_dataset_v2_hard75_20260516\masks_all\001664__BEE24-33_004790_det11_tr0012.png,001664\BEE24-33_004790_det11_tr0012.jpg,hard75,train
001676__BEE24-33_004616_det31_tr0007,001676__BEE24-33_004616_det31_tr0007.jpg,001676__BEE24-33_004616_det31_tr0007.jpg,955,0.340342,D:\personal_resources\CV_research\boxmot\output\bee_foreground_hard_cvat_100_v4_complete_20260516\images\001676__BEE24-33_004616_det31_tr0007.jpg,D:\personal_resources\CV_research\boxmot\output\bee_foreground_manual_dataset_v2_hard75_20260516\masks_all\001676__BEE24-33_004616_det31_tr0007.png,001676\BEE24-33_004616_det31_tr0007.jpg,hard75,train
001734__BEE24-33_004814_det42_tr0004,001734__BEE24-33_004814_det42_tr0004.jpg,001734__BEE24-33_004814_det42_tr0004.jpg,1074,0.511429,D:\personal_resources\CV_research\boxmot\output\bee_foreground_hard_cvat_100_v4_complete_20260516\images\001734__BEE24-33_004814_det42_tr0004.jpg,D:\personal_resources\CV_research\boxmot\output\bee_foreground_manual_dataset_v2_hard75_20260516\masks_all\001734__BEE24-33_004814_det42_tr0004.png,001734\BEE24-33_004814_det42_tr0004.jpg,hard75,train
001974__BEE24-35_000204_det10_tr0008,001974__BEE24-35_000204_det10_tr0008.jpg,001974__BEE24-35_000204_det10_tr0008.jpg,3435,0.276437,D:\personal_resources\CV_research\boxmot\output\bee_foreground_hard_cvat_100_v4_complete_20260516\images\001974__BEE24-35_000204_det10_tr0008.jpg,D:\personal_resources\CV_research\boxmot\output\bee_foreground_manual_dataset_v2_hard75_20260516\masks_all\001974__BEE24-35_000204_det10_tr0008.png,001974\BEE24-35_000204_det10_tr0008.jpg,hard75,train
002006__BEE24-35_001129_det09_tr0011,002006__BEE24-35_001129_det09_tr0011.jpg,002006__BEE24-35_001129_det09_tr0011.jpg,1863,0.340088,D:\personal_resources\CV_research\boxmot\output\bee_foreground_hard_cvat_100_v4_complete_20260516\images\002006__BEE24-35_001129_det09_tr0011.jpg,D:\personal_resources\CV_research\boxmot\output\bee_foreground_manual_dataset_v2_hard75_20260516\masks_all\002006__BEE24-35_001129_det09_tr0011.png,002006\BEE24-35_001129_det09_tr0011.jpg,hard75,train
002013__BEE24-35_001221_det11_tr0021,002013__BEE24-35_001221_det11_tr0021.jpg,002013__BEE24-35_001221_det11_tr0021.jpg,886,0.200907,D:\personal_resources\CV_research\boxmot\output\bee_foreground_hard_cvat_100_v4_complete_20260516\images\002013__BEE24-35_001221_det11_tr0021.jpg,D:\personal_resources\CV_research\boxmot\output\bee_foreground_manual_dataset_v2_hard75_20260516\masks_all\002013__BEE24-35_001221_det11_tr0021.png,002013\BEE24-35_001221_det11_tr0021.jpg,hard75,train
002021__BEE24-35_001431_det09_tr0023,002021__BEE24-35_001431_det09_tr0023.jpg,002021__BEE24-35_001431_det09_tr0023.jpg,1150,0.109775,D:\personal_resources\CV_research\boxmot\output\bee_foreground_hard_cvat_100_v4_complete_20260516\images\002021__BEE24-35_001431_det09_tr0023.jpg,D:\personal_resources\CV_research\boxmot\output\bee_foreground_manual_dataset_v2_hard75_20260516\masks_all\002021__BEE24-35_001431_det09_tr0023.png,002021\BEE24-35_001431_det09_tr0023.jpg,hard75,train
002037__BEE24-35_001830_det10_tr0007,002037__BEE24-35_001830_det10_tr0007.jpg,002037__BEE24-35_001830_det10_tr0007.jpg,3721,0.375101,D:\personal_resources\CV_research\boxmot\output\bee_foreground_hard_cvat_100_v4_complete_20260516\images\002037__BEE24-35_001830_det10_tr0007.jpg,D:\personal_resources\CV_research\boxmot\output\bee_foreground_manual_dataset_v2_hard75_20260516\masks_all\002037__BEE24-35_001830_det10_tr0007.png,002037\BEE24-35_001830_det10_tr0007.jpg,hard75,train
002057__BEE24-35_002234_det08_tr0000,002057__BEE24-35_002234_det08_tr0000.jpg,002057__BEE24-35_002234_det08_tr0000.jpg,2349,0.175876,D:\personal_resources\CV_research\boxmot\output\bee_foreground_hard_cvat_100_v4_complete_20260516\images\002057__BEE24-35_002234_det08_tr0000.jpg,D:\personal_resources\CV_research\boxmot\output\bee_foreground_manual_dataset_v2_hard75_20260516\masks_all\002057__BEE24-35_002234_det08_tr0000.png,002057\BEE24-35_002234_det08_tr0000.jpg,hard75,train
002076__BEE24-35_002701_det05_tr0010,002076__BEE24-35_002701_det05_tr0010.jpg,002076__BEE24-35_002701_det05_tr0010.jpg,1360,0.447958,D:\personal_resources\CV_research\boxmot\output\bee_foreground_hard_cvat_100_v4_complete_20260516\images\002076__BEE24-35_002701_det05_tr0010.jpg,D:\personal_resources\CV_research\boxmot\output\bee_foreground_manual_dataset_v2_hard75_20260516\masks_all\002076__BEE24-35_002701_det05_tr0010.png,002076\BEE24-35_002701_det05_tr0010.jpg,hard75,train
002083__BEE24-35_002824_det07_tr0003,002083__BEE24-35_002824_det07_tr0003.jpg,002083__BEE24-35_002824_det07_tr0003.jpg,865,0.256982,D:\personal_resources\CV_research\boxmot\output\bee_foreground_hard_cvat_100_v4_complete_20260516\images\002083__BEE24-35_002824_det07_tr0003.jpg,D:\personal_resources\CV_research\boxmot\output\bee_foreground_manual_dataset_v2_hard75_20260516\masks_all\002083__BEE24-35_002824_det07_tr0003.png,002083\BEE24-35_002824_det07_tr0003.jpg,hard75,train
002083__BEE24-35_002833_det07_tr0010,002083__BEE24-35_002833_det07_tr0010.jpg,002083__BEE24-35_002833_det07_tr0010.jpg,591,0.175579,D:\personal_resources\CV_research\boxmot\output\bee_foreground_hard_cvat_100_v4_complete_20260516\images\002083__BEE24-35_002833_det07_tr0010.jpg,D:\personal_resources\CV_research\boxmot\output\bee_foreground_manual_dataset_v2_hard75_20260516\masks_all\002083__BEE24-35_002833_det07_tr0010.png,002083\BEE24-35_002833_det07_tr0010.jpg,hard75,train
002096__BEE24-35_003340_det06_tr0015,002096__BEE24-35_003340_det06_tr0015.jpg,002096__BEE24-35_003340_det06_tr0015.jpg,947,0.377592,D:\personal_resources\CV_research\boxmot\output\bee_foreground_hard_cvat_100_v4_complete_20260516\images\002096__BEE24-35_003340_det06_tr0015.jpg,D:\personal_resources\CV_research\boxmot\output\bee_foreground_manual_dataset_v2_hard75_20260516\masks_all\002096__BEE24-35_003340_det06_tr0015.png,002096\BEE24-35_003340_det06_tr0015.jpg,hard75,train
002131__BEE24-35_003740_det10_tr0021,002131__BEE24-35_003740_det10_tr0021.jpg,002131__BEE24-35_003740_det10_tr0021.jpg,1116,0.306593,D:\personal_resources\CV_research\boxmot\output\bee_foreground_hard_cvat_100_v4_complete_20260516\images\002131__BEE24-35_003740_det10_tr0021.jpg,D:\personal_resources\CV_research\boxmot\output\bee_foreground_manual_dataset_v2_hard75_20260516\masks_all\002131__BEE24-35_003740_det10_tr0021.png,002131\BEE24-35_003740_det10_tr0021.jpg,hard75,train
002148__BEE24-35_004065_det11_tr0001,002148__BEE24-35_004065_det11_tr0001.jpg,002148__BEE24-35_004065_det11_tr0001.jpg,1215,0.178940,D:\personal_resources\CV_research\boxmot\output\bee_foreground_hard_cvat_100_v4_complete_20260516\images\002148__BEE24-35_004065_det11_tr0001.jpg,D:\personal_resources\CV_research\boxmot\output\bee_foreground_manual_dataset_v2_hard75_20260516\masks_all\002148__BEE24-35_004065_det11_tr0001.png,002148\BEE24-35_004065_det11_tr0001.jpg,hard75,train
002179__BEE24-35_004579_det08_tr0004,002179__BEE24-35_004579_det08_tr0004.jpg,002179__BEE24-35_004579_det08_tr0004.jpg,1023,0.415179,D:\personal_resources\CV_research\boxmot\output\bee_foreground_hard_cvat_100_v4_complete_20260516\images\002179__BEE24-35_004579_det08_tr0004.jpg,D:\personal_resources\CV_research\boxmot\output\bee_foreground_manual_dataset_v2_hard75_20260516\masks_all\002179__BEE24-35_004579_det08_tr0004.png,002179\BEE24-35_004579_det08_tr0004.jpg,hard75,train
002179__BEE24-35_004581_det08_tr0005,002179__BEE24-35_004581_det08_tr0005.jpg,002179__BEE24-35_004581_det08_tr0005.jpg,1135,0.460633,D:\personal_resources\CV_research\boxmot\output\bee_foreground_hard_cvat_100_v4_complete_20260516\images\002179__BEE24-35_004581_det08_tr0005.jpg,D:\personal_resources\CV_research\boxmot\output\bee_foreground_manual_dataset_v2_hard75_20260516\masks_all\002179__BEE24-35_004581_det08_tr0005.png,002179\BEE24-35_004581_det08_tr0005.jpg,hard75,train
002179__BEE24-35_004594_det08_tr0011,002179__BEE24-35_004594_det08_tr0011.jpg,002179__BEE24-35_004594_det08_tr0011.jpg,1246,0.469303,D:\personal_resources\CV_research\boxmot\output\bee_foreground_hard_cvat_100_v4_complete_20260516\images\002179__BEE24-35_004594_det08_tr0011.jpg,D:\personal_resources\CV_research\boxmot\output\bee_foreground_manual_dataset_v2_hard75_20260516\masks_all\002179__BEE24-35_004594_det08_tr0011.png,002179\BEE24-35_004594_det08_tr0011.jpg,hard75,train
002204__BEE24-13_000189_det07_tr0029,002204__BEE24-13_000189_det07_tr0029.jpg,002204__BEE24-13_000189_det07_tr0029.jpg,1482,0.441071,D:\personal_resources\CV_research\boxmot\output\bee_foreground_hard_cvat_100_v4_complete_20260516\images\002204__BEE24-13_000189_det07_tr0029.jpg,D:\personal_resources\CV_research\boxmot\output\bee_foreground_manual_dataset_v2_hard75_20260516\masks_all\002204__BEE24-13_000189_det07_tr0029.png,002204\BEE24-13_000189_det07_tr0029.jpg,hard75,train
002208__BEE24-13_000123_det13_tr0027,002208__BEE24-13_000123_det13_tr0027.jpg,002208__BEE24-13_000123_det13_tr0027.jpg,1507,0.422129,D:\personal_resources\CV_research\boxmot\output\bee_foreground_hard_cvat_100_v4_complete_20260516\images\002208__BEE24-13_000123_det13_tr0027.jpg,D:\personal_resources\CV_research\boxmot\output\bee_foreground_manual_dataset_v2_hard75_20260516\masks_all\002208__BEE24-13_000123_det13_tr0027.png,002208\BEE24-13_000123_det13_tr0027.jpg,hard75,train
002219__BEE24-13_000066_det22_tr0000,002219__BEE24-13_000066_det22_tr0000.jpg,002219__BEE24-13_000066_det22_tr0000.jpg,1708,0.431749,D:\personal_resources\CV_research\boxmot\output\bee_foreground_hard_cvat_100_v4_complete_20260516\images\002219__BEE24-13_000066_det22_tr0000.jpg,D:\personal_resources\CV_research\boxmot\output\bee_foreground_manual_dataset_v2_hard75_20260516\masks_all\002219__BEE24-13_000066_det22_tr0000.png,002219\BEE24-13_000066_det22_tr0000.jpg,hard75,train
002234__BEE24-13_000239_det23_tr0009,002234__BEE24-13_000239_det23_tr0009.jpg,002234__BEE24-13_000239_det23_tr0009.jpg,1604,0.414470,D:\personal_resources\CV_research\boxmot\output\bee_foreground_hard_cvat_100_v4_complete_20260516\images\002234__BEE24-13_000239_det23_tr0009.jpg,D:\personal_resources\CV_research\boxmot\output\bee_foreground_manual_dataset_v2_hard75_20260516\masks_all\002234__BEE24-13_000239_det23_tr0009.png,002234\BEE24-13_000239_det23_tr0009.jpg,hard75,train
002245__BEE24-16_000062_det08_tr0009,002245__BEE24-16_000062_det08_tr0009.jpg,002245__BEE24-16_000062_det08_tr0009.jpg,1590,0.623041,D:\personal_resources\CV_research\boxmot\output\bee_foreground_hard_cvat_100_v4_complete_20260516\images\002245__BEE24-16_000062_det08_tr0009.jpg,D:\personal_resources\CV_research\boxmot\output\bee_foreground_manual_dataset_v2_hard75_20260516\masks_all\002245__BEE24-16_000062_det08_tr0009.png,002245\BEE24-16_000062_det08_tr0009.jpg,hard75,train
002245__BEE24-16_000068_det08_tr0010,002245__BEE24-16_000068_det08_tr0010.jpg,002245__BEE24-16_000068_det08_tr0010.jpg,1510,0.599206,D:\personal_resources\CV_research\boxmot\output\bee_foreground_hard_cvat_100_v4_complete_20260516\images\002245__BEE24-16_000068_det08_tr0010.jpg,D:\personal_resources\CV_research\boxmot\output\bee_foreground_manual_dataset_v2_hard75_20260516\masks_all\002245__BEE24-16_000068_det08_tr0010.png,002245\BEE24-16_000068_det08_tr0010.jpg,hard75,train
